date,weapon_class,total_launched,total_destroyed,n_records,interception_rate
2022-09-29,SHAHED,7.0,5.0,1,0.7142857142857143
2022-10-01,EXCLUDED,1.0,1.0,1,1.0
2022-10-02,SHAHED,7.0,5.0,1,0.7142857142857143
2022-10-05,EXCLUDED,1.0,1.0,1,1.0
2022-10-05,SHAHED,1.0,1.0,1,1.0
2022-10-06,EXCLUDED,1.0,1.0,1,1.0
2022-10-06,SHAHED,5.0,5.0,2,1.0
2022-10-06,UNKNOWN,2.0,2.0,2,1.0
2022-10-07,SHAHED,3.0,3.0,1,1.0
2022-10-08,OTHER_DRONE,2.0,2.0,1,1.0
2022-10-08,SHAHED,1.0,1.0,1,1.0
2022-10-09,UNKNOWN,22.0,1.0,3,0.045454545454545456
2022-10-10,MISSILE,84.0,43.0,1,0.5119047619047619
2022-10-10,OTHER_DRONE,11.0,3.0,1,0.2727272727272727
2022-10-10,SHAHED,13.0,10.0,1,0.7692307692307693
2022-10-11,MISSILE,28.0,20.0,1,0.7142857142857143
2022-10-11,SHAHED,34.0,34.0,3,1.0
2022-10-13,MISSILE,5.0,5.0,1,1.0
2022-10-15,SHAHED,6.0,6.0,1,1.0
2022-10-16,SHAHED,11.0,11.0,1,1.0
2022-10-17,MISSILE,2.0,2.0,1,1.0
2022-10-17,SHAHED,23.0,23.0,2,1.0
2022-10-17,UNKNOWN,3.0,3.0,1,1.0
2022-10-19,MISSILE,6.0,4.0,1,0.6666666666666666
2022-10-19,SHAHED,10.0,10.0,1,1.0
2022-10-20,SHAHED,14.0,14.0,1,1.0
2022-10-22,MISSILE,33.0,18.0,2,0.5454545454545454
2022-10-22,SHAHED,10.0,10.0,1,1.0
2022-10-23,SHAHED,16.0,16.0,1,1.0
2022-10-25,SHAHED,3.0,3.0,2,1.0
2022-10-26,SHAHED,20.0,19.0,1,0.95
2022-10-26,UNKNOWN,1.0,1.0,1,1.0
2022-10-31,MISSILE,50.0,44.0,1,0.88
2022-11-01,OTHER_DRONE,1.0,1.0,1,1.0
2022-11-01,SHAHED,19.0,18.0,3,0.9473684210526315
2022-11-03,SHAHED,9.0,9.0,1,1.0
2022-11-04,MISSILE,2.0,2.0,1,1.0
2022-11-14,OTHER_DRONE,2.0,2.0,1,1.0
2022-12-20,OTHER_DRONE,1.0,1.0,1,1.0
2022-12-20,UNKNOWN,1.0,1.0,1,1.0
2022-12-29,MISSILE,62.0,58.0,1,0.9354838709677419
2022-12-29,UNKNOWN,8.0,0.0,2,0.0
2022-12-30,SHAHED,16.0,16.0,1,1.0
2022-12-31,EXCLUDED,1.0,1.0,1,1.0
2022-12-31,UNKNOWN,20.0,12.0,1,0.6
2023-01-11,EXCLUDED,2.0,2.0,2,1.0
2023-01-11,OTHER_DRONE,1.0,1.0,1,1.0
2023-01-12,EXCLUDED,1.0,1.0,1,1.0
2023-01-14,UNKNOWN,1.0,0.0,1,0.0
2023-01-20,EXCLUDED,2.0,2.0,2,1.0
2023-01-23,EXCLUDED,1.0,1.0,1,1.0
2023-01-23,UNKNOWN,2.0,2.0,1,1.0
2023-01-25,EXCLUDED,1.0,1.0,1,1.0
2023-01-26,MISSILE,51.0,47.0,3,0.9215686274509803
2023-01-26,SHAHED,24.0,24.0,1,1.0
2023-01-26,UNKNOWN,4.0,0.0,1,0.0
2023-02-09,MISSILE,71.0,61.0,2,0.8591549295774648
2023-02-09,SHAHED,7.0,5.0,1,0.7142857142857143
2023-02-09,UNKNOWN,36.0,1.0,2,0.027777777777777776
2023-02-10,SHAHED,20.0,20.0,1,1.0
2023-02-11,EXCLUDED,1.0,1.0,1,1.0
2023-02-11,SHAHED,4.0,4.0,1,1.0
2023-02-16,MISSILE,21.0,14.0,3,0.6666666666666666
2023-02-16,UNKNOWN,14.0,2.0,3,0.14285714285714285
2023-02-18,MISSILE,4.0,2.0,1,0.5
2023-02-27,SHAHED,14.0,11.0,1,0.7857142857142857
2023-03-01,SHAHED,4.0,4.0,1,1.0
2023-03-08,SHAHED,2.0,2.0,1,1.0
2023-03-14,UNKNOWN,4.0,0.0,1,0.0
2023-03-17,SHAHED,16.0,11.0,1,0.6875
2023-03-21,SHAHED,21.0,16.0,1,0.7619047619047619
2023-03-21,UNKNOWN,2.0,2.0,1,1.0
2023-03-23,UNKNOWN,2.0,2.0,1,1.0
2023-03-27,SHAHED,13.0,12.0,1,0.9230769230769231
2023-03-27,UNKNOWN,3.0,1.0,2,0.3333333333333333
2023-03-30,SHAHED,10.0,9.0,1,0.9
2023-04-04,SHAHED,17.0,14.0,1,0.8235294117647058
2023-04-08,EXCLUDED,1.0,1.0,1,1.0
2023-04-19,SHAHED,11.0,10.0,1,0.9090909090909091
2023-04-21,SHAHED,5.0,4.0,1,0.8
2023-04-23,EXCLUDED,1.0,1.0,1,1.0
2023-04-28,MISSILE,23.0,21.0,1,0.9130434782608695
2023-04-28,OTHER_DRONE,2.0,2.0,1,1.0
2023-04-29,OTHER_DRONE,1.0,1.0,1,1.0
2023-04-29,SHAHED,2.0,2.0,1,1.0
2023-05-01,MISSILE,18.0,15.0,1,0.8333333333333334
2023-05-02,SHAHED,26.0,21.0,1,0.8076923076923077
2023-05-04,MISSILE,1.0,1.0,1,1.0
2023-05-08,MISSILE,8.0,8.0,1,1.0
2023-05-08,UNKNOWN,8.0,0.0,1,0.0
2023-05-09,MISSILE,17.0,15.0,1,0.8823529411764706
2023-05-09,SHAHED,3.0,3.0,1,1.0
2023-05-13,EXCLUDED,1.0,1.0,1,1.0
2023-05-13,SHAHED,21.0,17.0,1,0.8095238095238095
2023-05-14,EXCLUDED,4.0,4.0,3,1.0
2023-05-14,MISSILE,3.0,3.0,1,1.0
2023-05-14,OTHER_DRONE,4.0,4.0,1,1.0
2023-05-14,SHAHED,22.0,22.0,2,1.0
2023-05-16,EXCLUDED,3.0,3.0,2,1.0
2023-05-16,MISSILE,25.0,25.0,3,1.0
2023-05-16,SHAHED,6.0,6.0,1,1.0
2023-05-17,MISSILE,30.0,29.0,3,0.9666666666666667
2023-05-17,OTHER_DRONE,2.0,2.0,1,1.0
2023-05-17,SHAHED,2.0,2.0,1,1.0
2023-05-20,SHAHED,4.0,4.0,1,1.0
2023-05-22,MISSILE,6.0,4.0,2,0.6666666666666666
2023-05-22,SHAHED,20.0,20.0,1,1.0
2023-05-22,UNKNOWN,10.0,0.0,2,0.0
2023-05-25,EXCLUDED,2.0,2.0,2,1.0
2023-05-25,MISSILE,10.0,10.0,1,1.0
2023-05-25,SHAHED,31.0,23.0,1,0.7419354838709677
2023-05-25,UNKNOWN,7.0,0.0,1,0.0
2023-05-29,MISSILE,51.0,48.0,2,0.9411764705882353
2023-05-29,OTHER_DRONE,1.0,1.0,1,1.0
2023-05-29,SHAHED,66.0,58.0,2,0.8787878787878788
2023-06-01,MISSILE,10.0,10.0,2,1.0
2023-06-01,SHAHED,21.0,21.0,1,1.0
2023-06-02,MISSILE,15.0,15.0,1,1.0
2023-06-04,MISSILE,6.0,4.0,1,0.6666666666666666
2023-06-04,SHAHED,5.0,3.0,1,0.6
2023-06-06,MISSILE,35.0,35.0,1,1.0
2023-06-08,EXCLUDED,20.0,14.0,2,0.7
2023-06-08,MISSILE,8.0,4.0,2,0.5
2023-06-09,SHAHED,35.0,20.0,1,0.5714285714285714
2023-06-09,UNKNOWN,8.0,2.0,1,0.25
2023-06-15,MISSILE,4.0,1.0,1,0.25
2023-06-15,SHAHED,20.0,20.0,1,1.0
2023-06-16,MISSILE,12.0,12.0,2,1.0
2023-07-06,MISSILE,10.0,7.0,1,0.7
2023-07-13,OTHER_DRONE,1.0,1.0,1,1.0
2023-07-13,SHAHED,17.0,16.0,1,0.9411764705882353
2023-07-26,MISSILE,43.0,36.0,3,0.8372093023255814
2023-08-05,MISSILE,43.0,31.0,4,0.7209302325581395
2023-08-05,SHAHED,27.0,27.0,1,1.0
2023-08-10,SHAHED,10.0,7.0,1,0.7
2023-08-11,MISSILE,4.0,1.0,1,0.25
2023-08-12,SHAHED,5.0,3.0,1,0.6
2023-08-14,MISSILE,11.0,9.0,2,0.8181818181818182
2023-08-14,SHAHED,15.0,15.0,1,1.0
2023-08-15,MISSILE,24.0,16.0,2,0.6666666666666666
2023-08-15,SHAHED,13.0,13.0,1,1.0
2023-08-15,UNKNOWN,12.0,0.0,2,0.0
2023-08-16,SHAHED,3.0,3.0,1,1.0
2023-08-19,SHAHED,17.0,15.0,1,0.8823529411764706
2023-08-24,MISSILE,1.0,1.0,1,1.0
2023-08-26,SHAHED,2.0,2.0,1,1.0
2023-08-27,SHAHED,2.0,2.0,1,1.0
2023-09-13,SHAHED,22.0,17.0,1,0.7727272727272727
2023-09-21,MISSILE,43.0,36.0,1,0.8372093023255814
2023-09-21,UNKNOWN,6.0,0.0,1,0.0
2023-10-18,MISSILE,5.0,0.0,1,0.0
2023-10-18,SHAHED,9.0,3.0,1,0.3333333333333333
2023-10-18,UNKNOWN,3.0,1.0,3,0.3333333333333333
2023-10-31,EXCLUDED,1.0,1.0,1,1.0
2023-11-01,EXCLUDED,1.0,1.0,1,1.0
2023-11-04,MISSILE,3.0,3.0,1,1.0
2023-11-05,MISSILE,2.0,0.0,2,0.0
2023-11-05,SHAHED,22.0,15.0,1,0.6818181818181818
2023-11-05,UNKNOWN,3.0,2.0,3,0.6666666666666666
2023-11-06,SHAHED,1.0,1.0,1,1.0
2023-11-10,EXCLUDED,1.0,1.0,1,1.0
2023-11-10,MISSILE,1.0,0.0,1,0.0
2023-11-10,SHAHED,31.0,19.0,1,0.6129032258064516
2023-11-10,UNKNOWN,2.0,0.0,2,0.0
2023-11-17,SHAHED,38.0,29.0,1,0.7631578947368421
2023-11-21,SHAHED,14.0,14.0,1,1.0
2023-11-21,UNKNOWN,1.0,0.0,1,0.0
2023-11-28,EXCLUDED,1.0,1.0,1,1.0
2023-11-28,OTHER_DRONE,1.0,1.0,1,1.0
2023-12-05,OTHER_DRONE,1.0,1.0,1,1.0
2023-12-06,EXCLUDED,1.0,1.0,1,1.0
2023-12-08,MISSILE,19.0,14.0,1,0.7368421052631579
2023-12-11,UNKNOWN,10.0,10.0,3,1.0
2023-12-13,MISSILE,10.0,10.0,1,1.0
2023-12-13,SHAHED,42.0,41.0,1,0.9761904761904762
2023-12-20,SHAHED,35.0,34.0,1,0.9714285714285714
2023-12-22,SHAHED,9.0,9.0,1,1.0
2023-12-23,UNKNOWN,1.0,1.0,1,1.0
2023-12-26,SHAHED,46.0,32.0,1,0.6956521739130435
2023-12-28,SHAHED,36.0,27.0,1,0.75
2023-12-29,MISSILE,109.0,87.0,3,0.7981651376146789
2023-12-29,UNKNOWN,13.0,0.0,3,0.0
2023-12-30,UNKNOWN,1.0,1.0,1,1.0
2024-01-01,SHAHED,45.0,44.0,2,0.9777777777777777
2024-01-01,UNKNOWN,1.0,1.0,1,1.0
2024-01-02,MISSILE,95.0,72.0,4,0.7578947368421053
2024-01-02,UNKNOWN,4.0,0.0,1,0.0
2024-01-13,MISSILE,6.0,0.0,1,0.0
2024-01-22,UNKNOWN,1.0,1.0,1,1.0
2024-01-24,UNKNOWN,2.0,2.0,1,1.0
2024-01-25,UNKNOWN,1.0,1.0,1,1.0
2024-01-28,UNKNOWN,1.0,1.0,1,1.0
2024-01-30,EXCLUDED,1.0,1.0,1,1.0
2024-01-31,UNKNOWN,1.0,1.0,1,1.0
2024-02-03,UNKNOWN,1.0,1.0,1,1.0
2024-02-06,UNKNOWN,1.0,1.0,1,1.0
2024-02-08,UNKNOWN,1.0,1.0,1,1.0
2024-02-16,UNKNOWN,1.0,1.0,1,1.0
2024-02-17,UNKNOWN,1.0,1.0,1,1.0
2024-02-19,UNKNOWN,1.0,1.0,1,1.0
2024-03-01,UNKNOWN,1.0,1.0,1,1.0
2024-03-03,UNKNOWN,1.0,1.0,1,1.0
2024-03-04,UNKNOWN,1.0,1.0,1,1.0
2024-03-05,UNKNOWN,1.0,1.0,1,1.0
2024-03-06,EXCLUDED,1.0,1.0,1,1.0
2024-03-13,UNKNOWN,1.0,1.0,1,1.0
2024-03-21,MISSILE,31.0,31.0,2,1.0
2024-03-22,MISSILE,59.0,35.0,3,0.5932203389830508
2024-03-22,SHAHED,63.0,55.0,1,0.873015873015873
2024-03-22,UNKNOWN,29.0,2.0,3,0.06896551724137931
2024-03-25,MISSILE,2.0,2.0,1,1.0
2024-03-25,OTHER_DRONE,1.0,1.0,1,1.0
2024-03-26,UNKNOWN,1.0,1.0,1,1.0
2024-03-27,EXCLUDED,1.0,1.0,1,1.0
2024-03-27,UNKNOWN,2.0,2.0,2,1.0
2024-03-29,UNKNOWN,2.0,2.0,1,1.0
2024-03-30,UNKNOWN,1.0,1.0,1,1.0
2024-04-01,UNKNOWN,1.0,1.0,1,1.0
2024-04-02,UNKNOWN,1.0,1.0,1,1.0
2024-04-06,EXCLUDED,2.0,2.0,1,1.0
2024-04-07,OTHER_DRONE,1.0,1.0,1,1.0
2024-04-09,EXCLUDED,1.0,1.0,1,1.0
2024-04-09,UNKNOWN,2.0,0.0,1,0.0
2024-04-10,EXCLUDED,1.0,1.0,1,1.0
2024-04-10,OTHER_DRONE,1.0,1.0,1,1.0
2024-04-10,UNKNOWN,1.0,1.0,1,1.0
2024-04-11,EXCLUDED,3.0,3.0,3,1.0
2024-04-12,OTHER_DRONE,2.0,2.0,1,1.0
2024-04-12,UNKNOWN,1.0,1.0,1,1.0
2024-04-14,UNKNOWN,3.0,3.0,2,1.0
2024-04-17,EXCLUDED,1.0,1.0,1,1.0
2024-04-19,UNKNOWN,1.0,1.0,1,1.0
2024-04-20,EXCLUDED,4.0,4.0,4,1.0
2024-04-20,UNKNOWN,1.0,1.0,1,1.0
2024-04-22,EXCLUDED,2.0,2.0,2,1.0
2024-04-23,EXCLUDED,2.0,2.0,2,1.0
2024-04-23,OTHER_DRONE,1.0,1.0,1,1.0
2024-04-24,UNKNOWN,1.0,1.0,1,1.0
2024-04-25,EXCLUDED,1.0,1.0,1,1.0
2024-04-25,UNKNOWN,1.0,1.0,1,1.0
2024-04-27,EXCLUDED,1.0,1.0,1,1.0
2024-05-03,EXCLUDED,2.0,2.0,2,1.0
2024-05-03,OTHER_DRONE,1.0,1.0,1,1.0
2024-05-04,UNKNOWN,1.0,1.0,1,1.0
2024-05-05,EXCLUDED,1.0,1.0,1,1.0
2024-05-06,UNKNOWN,1.0,1.0,1,1.0
2024-05-07,UNKNOWN,2.0,2.0,1,1.0
2024-05-08,EXCLUDED,1.0,1.0,1,1.0
2024-05-08,UNKNOWN,1.0,1.0,1,1.0
2024-05-10,UNKNOWN,1.0,1.0,1,1.0
2024-05-11,UNKNOWN,1.0,1.0,1,1.0
2024-05-12,EXCLUDED,1.0,1.0,1,1.0
2024-05-12,OTHER_DRONE,1.0,1.0,1,1.0
2024-05-15,UNKNOWN,1.0,1.0,1,1.0
2024-05-18,EXCLUDED,1.0,1.0,1,1.0
2024-05-18,MISSILE,1.0,0.0,1,0.0
2024-05-18,SHAHED,1.0,1.0,1,1.0
2024-05-18,UNKNOWN,1.0,1.0,1,1.0
2024-05-19,UNKNOWN,1.0,1.0,1,1.0
2024-05-20,UNKNOWN,1.0,1.0,1,1.0
2024-05-22,UNKNOWN,1.0,1.0,1,1.0
2024-06-01,OTHER_DRONE,1.0,0.0,1,0.0
2024-06-01,UNKNOWN,1.0,1.0,1,1.0
2024-06-02,EXCLUDED,1.0,1.0,1,1.0
2024-06-03,EXCLUDED,1.0,1.0,1,1.0
2024-06-05,MISSILE,1.0,0.0,1,0.0
2024-06-06,EXCLUDED,1.0,1.0,1,1.0
2024-06-13,EXCLUDED,1.0,1.0,1,1.0
2024-06-19,MISSILE,1.0,1.0,1,1.0
2024-06-19,UNKNOWN,1.0,1.0,1,1.0
2024-06-28,MISSILE,2.0,2.0,1,1.0
2024-07-01,UNKNOWN,1.0,1.0,1,1.0
2024-07-02,EXCLUDED,1.0,1.0,1,1.0
2024-07-02,UNKNOWN,1.0,1.0,1,1.0
2024-07-03,UNKNOWN,1.0,1.0,1,1.0
2024-07-08,MISSILE,33.0,27.0,5,0.8181818181818182
2024-07-08,UNKNOWN,5.0,3.0,2,0.6
2024-07-11,MISSILE,5.0,5.0,1,1.0
2024-07-13,EXCLUDED,1.0,1.0,1,1.0
2024-08-26,MISSILE,124.0,101.0,3,0.8145161290322581
2024-08-26,SHAHED,109.0,99.0,1,0.908256880733945
2024-08-26,UNKNOWN,3.0,1.0,1,0.3333333333333333
2024-08-31,UNKNOWN,1.0,1.0,1,1.0
2024-09-03,SHAHED,29.0,22.0,1,0.7586206896551724
2024-09-04,MISSILE,11.0,7.0,3,0.6363636363636364
2024-09-04,UNKNOWN,2.0,0.0,1,0.0
2024-09-15,SHAHED,56.0,53.0,1,0.9464285714285714
2024-09-16,SHAHED,51.0,34.0,1,0.6666666666666666
2024-09-23,MISSILE,1.0,0.0,1,0.0
2024-09-23,SHAHED,81.0,66.0,1,0.8148148148148148
2024-09-23,UNKNOWN,2.0,0.0,2,0.0
2024-09-26,MISSILE,3.0,0.0,1,0.0
2024-09-27,MISSILE,6.0,0.0,2,0.0
2024-09-27,SHAHED,73.0,69.0,1,0.9452054794520548
2024-09-27,UNKNOWN,2.0,2.0,1,1.0
2024-09-28,SHAHED,3.0,1.0,1,0.3333333333333333
2024-09-29,MISSILE,1.0,0.0,1,0.0
2024-09-29,SHAHED,73.0,67.0,1,0.9178082191780822
2024-09-29,UNKNOWN,2.0,1.0,2,0.5
2024-10-01,MISSILE,1.0,0.0,1,0.0
2024-10-02,SHAHED,105.0,78.0,1,0.7428571428571429
2024-10-05,MISSILE,3.0,1.0,2,0.3333333333333333
2024-10-05,SHAHED,87.0,56.0,1,0.6436781609195402
2024-10-05,UNKNOWN,1.0,1.0,1,1.0
2024-10-06,MISSILE,1.0,0.0,1,0.0
2024-10-06,SHAHED,74.0,32.0,1,0.43243243243243246
2024-10-06,UNKNOWN,2.0,0.0,2,0.0
2024-10-07,EXCLUDED,1.0,1.0,1,1.0
2024-10-07,MISSILE,5.0,2.0,2,0.4
2024-10-07,SHAHED,19.0,18.0,1,0.9473684210526315
2024-10-09,MISSILE,2.0,0.0,1,0.0
2024-10-09,SHAHED,62.0,41.0,1,0.6612903225806451
2024-10-09,UNKNOWN,6.0,0.0,3,0.0
2024-10-15,SHAHED,136.0,68.0,1,0.5
2024-10-15,UNKNOWN,2.0,0.0,2,0.0
2024-10-16,SHAHED,56.0,22.0,1,0.39285714285714285
2024-10-16,UNKNOWN,1.0,0.0,1,0.0
2024-10-17,SHAHED,135.0,80.0,1,0.5925925925925926
2024-10-18,SHAHED,98.0,42.0,1,0.42857142857142855
2024-10-18,UNKNOWN,6.0,4.0,1,0.6666666666666666
2024-10-19,MISSILE,2.0,0.0,1,0.0
2024-10-19,SHAHED,49.0,31.0,1,0.6326530612244898
2024-10-20,MISSILE,1.0,0.0,1,0.0
2024-10-20,SHAHED,116.0,59.0,1,0.5086206896551724
2024-10-20,UNKNOWN,2.0,0.0,2,0.0
2024-10-21,SHAHED,60.0,42.0,1,0.7
2024-10-22,SHAHED,81.0,57.0,1,0.7037037037037037
2024-10-22,UNKNOWN,1.0,0.0,1,0.0
2024-10-23,SHAHED,50.0,40.0,1,0.8
2024-10-23,UNKNOWN,4.0,0.0,2,0.0
2024-10-24,SHAHED,63.0,36.0,1,0.5714285714285714
2024-10-25,MISSILE,3.0,0.0,1,0.0
2024-10-25,SHAHED,91.0,44.0,1,0.4835164835164835
2024-10-25,UNKNOWN,4.0,0.0,2,0.0
2024-10-26,SHAHED,80.0,41.0,1,0.5125
2024-10-27,SHAHED,100.0,66.0,1,0.66
2024-10-28,EXCLUDED,6.0,6.0,2,1.0
2024-10-28,MISSILE,1.0,0.0,1,0.0
2024-10-28,SHAHED,48.0,26.0,1,0.5416666666666666
2024-10-28,UNKNOWN,2.0,0.0,1,0.0
2024-10-29,SHAHED,62.0,33.0,1,0.532258064516129
2024-10-29,UNKNOWN,1.0,0.0,1,0.0
2024-10-30,MISSILE,4.0,0.0,2,0.0
2024-10-30,SHAHED,43.0,17.0,1,0.3953488372093023
2024-10-30,UNKNOWN,8.0,2.0,1,0.25
2024-10-31,SHAHED,48.0,31.0,1,0.6458333333333334
2024-10-31,UNKNOWN,3.0,1.0,1,0.3333333333333333
2024-11-01,SHAHED,71.0,39.0,1,0.5492957746478874
2024-11-01,UNKNOWN,1.0,0.0,1,0.0
2024-11-02,SHAHED,96.0,66.0,1,0.6875
2024-11-02,UNKNOWN,1.0,1.0,1,1.0
2024-11-03,MISSILE,1.0,0.0,1,0.0
2024-11-03,SHAHED,80.0,50.0,1,0.625
2024-11-04,SHAHED,79.0,48.0,1,0.6075949367088608
2024-11-04,UNKNOWN,2.0,2.0,1,1.0
2024-11-05,SHAHED,63.0,38.0,1,0.6031746031746031
2024-11-05,UNKNOWN,3.0,0.0,2,0.0
2024-11-06,SHAHED,106.0,74.0,1,0.6981132075471698
2024-11-07,MISSILE,1.0,0.0,1,0.0
2024-11-07,SHAHED,92.0,62.0,1,0.6739130434782609
2024-11-07,UNKNOWN,4.0,4.0,1,1.0
2024-11-08,SHAHED,51.0,32.0,1,0.6274509803921569
2024-11-09,SHAHED,145.0,62.0,1,0.42758620689655175
2024-11-10,SHAHED,74.0,39.0,1,0.527027027027027
2024-11-10,UNKNOWN,2.0,2.0,1,1.0
2024-11-11,SHAHED,110.0,46.0,1,0.41818181818181815
2024-11-11,UNKNOWN,3.0,0.0,2,0.0
2024-11-12,SHAHED,90.0,37.0,1,0.4111111111111111
2024-11-13,MISSILE,4.0,4.0,2,1.0
2024-11-13,SHAHED,59.0,21.0,1,0.3559322033898305
2024-11-13,UNKNOWN,2.0,0.0,1,0.0
2024-11-14,SHAHED,29.0,25.0,1,0.8620689655172413
2024-11-14,UNKNOWN,2.0,1.0,1,0.5
2024-11-15,EXCLUDED,3.0,3.0,1,1.0
2024-11-15,SHAHED,83.0,53.0,1,0.6385542168674698
2024-11-15,UNKNOWN,1.0,0.0,1,0.0
2024-11-16,SHAHED,90.0,42.0,1,0.4666666666666667
2024-11-17,MISSILE,113.0,93.0,5,0.8230088495575221
2024-11-17,SHAHED,11.0,8.0,1,0.7272727272727273
2024-11-17,UNKNOWN,10.0,9.0,3,0.9
2024-11-18,EXCLUDED,1.0,1.0,1,1.0
2024-11-18,MISSILE,1.0,1.0,1,1.0
2024-11-18,SHAHED,87.0,51.0,1,0.5862068965517241
2024-11-19,SHAHED,122.0,56.0,1,0.45901639344262296
2024-11-19,UNKNOWN,6.0,2.0,2,0.3333333333333333
2024-11-21,MISSILE,9.0,6.0,3,0.6666666666666666
2024-11-22,SHAHED,114.0,64.0,1,0.5614035087719298
2024-11-24,SHAHED,218.0,121.0,2,0.555045871559633
2024-11-25,MISSILE,4.0,0.0,1,0.0
2024-11-25,SHAHED,188.0,76.0,1,0.40425531914893614
2024-11-26,SHAHED,89.0,36.0,1,0.4044943820224719
2024-11-27,SHAHED,97.0,35.0,1,0.36082474226804123
2024-11-28,MISSILE,85.0,76.0,1,0.8941176470588236
2024-11-28,SHAHED,132.0,88.0,1,0.6666666666666666
2024-11-28,UNKNOWN,6.0,3.0,2,0.5
2024-11-29,SHAHED,10.0,8.0,1,0.8
2024-11-30,SHAHED,78.0,32.0,1,0.41025641025641024
2024-12-01,SHAHED,110.0,52.0,1,0.4727272727272727
2024-12-02,SHAHED,28.0,22.0,1,0.7857142857142857
2024-12-02,UNKNOWN,3.0,3.0,1,1.0
2024-12-03,SHAHED,50.0,29.0,1,0.58
2024-12-03,UNKNOWN,1.0,0.0,1,0.0
2024-12-04,MISSILE,2.0,0.0,1,0.0
2024-12-04,SHAHED,44.0,30.0,1,0.6818181818181818
2024-12-05,SHAHED,53.0,32.0,1,0.6037735849056604
2024-12-06,SHAHED,14.0,7.0,1,0.5
2024-12-06,UNKNOWN,1.0,0.0,1,0.0
2024-12-07,SHAHED,74.0,28.0,1,0.3783783783783784
2024-12-08,SHAHED,37.0,18.0,1,0.4864864864864865
2024-12-08,UNKNOWN,2.0,2.0,1,1.0
2024-12-11,UNKNOWN,2.0,2.0,1,1.0
2024-12-12,SHAHED,193.0,80.0,1,0.41450777202072536
2024-12-13,MISSILE,92.0,81.0,3,0.8804347826086957
2024-12-13,SHAHED,132.0,58.0,1,0.4393939393939394
2024-12-13,UNKNOWN,1.0,0.0,1,0.0
2024-12-14,SHAHED,108.0,56.0,1,0.5185185185185185
2024-12-14,UNKNOWN,1.0,0.0,1,0.0
2024-12-16,SHAHED,80.0,47.0,2,0.5875
2024-12-17,SHAHED,81.0,51.0,1,0.6296296296296297
2024-12-18,MISSILE,2.0,0.0,1,0.0
2024-12-18,SHAHED,85.0,45.0,1,0.5294117647058824
2024-12-18,UNKNOWN,1.0,0.0,1,0.0
2024-12-19,MISSILE,1.0,0.0,1,0.0
2024-12-19,SHAHED,65.0,40.0,1,0.6153846153846154
2024-12-19,UNKNOWN,1.0,0.0,1,0.0
2024-12-20,MISSILE,5.0,5.0,1,1.0
2024-12-20,SHAHED,113.0,57.0,1,0.504424778761062
2024-12-20,UNKNOWN,1.0,0.0,1,0.0
2024-12-21,SHAHED,103.0,52.0,1,0.5048543689320388
2024-12-22,SHAHED,72.0,47.0,1,0.6527777777777778
2024-12-23,SHAHED,60.0,36.0,1,0.6
2024-12-24,SHAHED,106.0,54.0,1,0.5094339622641509
2024-12-25,MISSILE,62.0,55.0,1,0.8870967741935484
2024-12-25,SHAHED,31.0,20.0,1,0.6451612903225806
2024-12-25,UNKNOWN,16.0,4.0,3,0.25
2024-12-26,MISSILE,2.0,0.0,1,0.0
2024-12-26,SHAHED,24.0,13.0,1,0.5416666666666666
2024-12-27,SHAHED,16.0,15.0,1,0.9375
2024-12-28,SHAHED,10.0,9.0,1,0.9
2024-12-28,UNKNOWN,6.0,0.0,1,0.0
2024-12-30,MISSILE,1.0,1.0,1,1.0
2024-12-30,SHAHED,40.0,16.0,1,0.4
2024-12-30,UNKNOWN,14.0,5.0,2,0.35714285714285715
2024-12-31,MISSILE,6.0,0.0,1,0.0
2024-12-31,SHAHED,111.0,63.0,1,0.5675675675675675
2025-01-01,SHAHED,72.0,47.0,1,0.6527777777777778
2025-01-02,SHAHED,93.0,60.0,1,0.6451612903225806
2025-01-03,MISSILE,3.0,0.0,1,0.0
2025-01-03,SHAHED,113.0,47.0,2,0.415929203539823
2025-01-03,UNKNOWN,8.0,3.0,2,0.375
2025-01-04,SHAHED,133.0,75.0,2,0.5639097744360902
2025-01-05,SHAHED,128.0,79.0,1,0.6171875
2025-01-05,UNKNOWN,2.0,2.0,1,1.0
2025-01-06,SHAHED,38.0,28.0,1,0.7368421052631579
2025-01-07,SHAHED,64.0,41.0,1,0.640625
2025-01-08,SHAHED,70.0,46.0,1,0.6571428571428571
2025-01-09,MISSILE,3.0,3.0,1,1.0
2025-01-09,SHAHED,72.0,33.0,1,0.4583333333333333
2025-01-10,SHAHED,74.0,47.0,1,0.6351351351351351
2025-01-11,SHAHED,94.0,60.0,1,0.6382978723404256
2025-01-12,SHAHED,110.0,78.0,1,0.7090909090909091
2025-01-13,SHAHED,80.0,58.0,1,0.725
2025-01-14,SHAHED,74.0,47.0,1,0.6351351351351351
2025-01-15,MISSILE,32.0,26.0,3,0.8125
2025-01-15,SHAHED,55.0,34.0,1,0.6181818181818182
2025-01-15,UNKNOWN,11.0,4.0,2,0.36363636363636365
2025-01-16,MISSILE,6.0,2.0,2,0.3333333333333333
2025-01-16,SHAHED,50.0,33.0,1,0.66
2025-01-17,SHAHED,39.0,24.0,1,0.6153846153846154
2025-01-18,SHAHED,61.0,43.0,1,0.7049180327868853
2025-01-19,MISSILE,1.0,0.0,1,0.0
2025-01-19,SHAHED,141.0,93.0,1,0.6595744680851063
2025-01-20,MISSILE,4.0,0.0,1,0.0
2025-01-20,SHAHED,131.0,72.0,1,0.549618320610687
2025-01-21,SHAHED,99.0,65.0,1,0.6565656565656566
2025-01-22,SHAHED,92.0,57.0,1,0.6195652173913043
2025-01-23,MISSILE,4.0,0.0,1,0.0
2025-01-23,SHAHED,58.0,25.0,1,0.43103448275862066
2025-01-24,SHAHED,61.0,46.0,1,0.7540983606557377
2025-01-24,UNKNOWN,2.0,2.0,1,1.0
2025-01-25,SHAHED,72.0,50.0,1,0.6944444444444444
2025-01-26,SHAHED,104.0,57.0,1,0.5480769230769231
2025-01-27,MISSILE,1.0,1.0,1,1.0
2025-01-27,SHAHED,100.0,65.0,1,0.65
2025-01-28,SHAHED,57.0,29.0,1,0.5087719298245614
2025-01-29,SHAHED,81.0,37.0,1,0.4567901234567901
2025-01-30,SHAHED,102.0,59.0,1,0.5784313725490197
2025-01-31,EXCLUDED,1.0,1.0,1,1.0
2025-01-31,MISSILE,22.0,0.0,4,0.0
2025-01-31,SHAHED,123.0,56.0,1,0.45528455284552843
2025-01-31,UNKNOWN,20.0,0.0,3,0.0
2025-02-01,SHAHED,55.0,40.0,1,0.7272727272727273
2025-02-02,SHAHED,71.0,38.0,1,0.5352112676056338
2025-02-03,SHAHED,65.0,37.0,1,0.5692307692307692
2025-02-04,MISSILE,2.0,0.0,1,0.0
2025-02-04,SHAHED,104.0,57.0,1,0.5480769230769231
2025-02-05,MISSILE,2.0,0.0,1,0.0
2025-02-05,SHAHED,77.0,56.0,1,0.7272727272727273
2025-02-06,SHAHED,112.0,81.0,1,0.7232142857142857
2025-02-07,SHAHED,139.0,67.0,1,0.48201438848920863
2025-02-08,SHAHED,151.0,70.0,1,0.46357615894039733
2025-02-09,SHAHED,83.0,61.0,1,0.7349397590361446
2025-02-11,MISSILE,1.0,1.0,1,1.0
2025-02-11,SHAHED,123.0,71.0,1,0.5772357723577236
2025-02-12,MISSILE,5.0,5.0,1,1.0
2025-02-12,SHAHED,140.0,85.0,1,0.6071428571428571
2025-02-13,SHAHED,133.0,73.0,1,0.5488721804511278
2025-02-14,SHAHED,70.0,33.0,1,0.4714285714285714
2025-02-15,SHAHED,143.0,95.0,1,0.6643356643356644
2025-02-16,MISSILE,2.0,0.0,1,0.0
2025-02-16,SHAHED,147.0,83.0,1,0.564625850340136
2025-02-16,UNKNOWN,3.0,0.0,1,0.0
2025-02-17,SHAHED,176.0,103.0,1,0.5852272727272727
2025-02-18,MISSILE,2.0,0.0,1,0.0
2025-02-18,SHAHED,167.0,106.0,1,0.6347305389221557
2025-02-20,MISSILE,2.0,0.0,1,0.0
2025-02-20,SHAHED,160.0,87.0,1,0.54375
2025-02-21,SHAHED,162.0,82.0,1,0.5061728395061729
2025-02-22,MISSILE,3.0,0.0,1,0.0
2025-02-22,SHAHED,267.0,138.0,1,0.5168539325842697
2025-02-23,SHAHED,185.0,113.0,1,0.6108108108108108
2025-02-24,MISSILE,7.0,6.0,1,0.8571428571428571
2025-02-24,SHAHED,213.0,133.0,1,0.6244131455399061
2025-02-25,SHAHED,177.0,110.0,1,0.6214689265536724
2025-02-26,SHAHED,166.0,90.0,1,0.5421686746987951
2025-02-27,SHAHED,208.0,107.0,1,0.5144230769230769
2025-02-28,SHAHED,154.0,103.0,1,0.6688311688311688
2025-03-01,SHAHED,79.0,63.0,1,0.7974683544303798
2025-03-02,SHAHED,83.0,46.0,1,0.5542168674698795
2025-03-03,SHAHED,99.0,65.0,1,0.6565656565656566
2025-03-04,MISSILE,3.0,0.0,1,0.0
2025-03-04,SHAHED,181.0,115.0,1,0.6353591160220995
2025-03-04,UNKNOWN,1.0,0.0,1,0.0
2025-03-05,MISSILE,2.0,0.0,2,0.0
2025-03-05,SHAHED,112.0,68.0,1,0.6071428571428571
2025-03-07,MISSILE,49.0,34.0,5,0.6938775510204082
2025-03-07,SHAHED,145.0,79.0,1,0.5448275862068965
2025-03-07,UNKNOWN,12.0,1.0,2,0.08333333333333333
2025-03-08,SHAHED,119.0,73.0,1,0.6134453781512605
2025-03-09,SHAHED,176.0,130.0,1,0.7386363636363636
2025-03-10,MISSILE,1.0,1.0,1,1.0
2025-03-10,SHAHED,126.0,79.0,1,0.626984126984127
2025-03-11,MISSILE,3.0,0.0,2,0.0
2025-03-11,SHAHED,133.0,98.0,1,0.7368421052631579
2025-03-12,MISSILE,1.0,0.0,1,0.0
2025-03-12,SHAHED,117.0,74.0,1,0.6324786324786325
2025-03-13,SHAHED,27.0,16.0,1,0.5925925925925926
2025-03-14,MISSILE,2.0,0.0,1,0.0
2025-03-14,SHAHED,178.0,130.0,1,0.7303370786516854
2025-03-15,SHAHED,90.0,47.0,1,0.5222222222222223
2025-03-16,SHAHED,174.0,90.0,1,0.5172413793103449
2025-03-17,SHAHED,137.0,63.0,1,0.45985401459854014
2025-03-18,MISSILE,2.0,0.0,1,0.0
2025-03-18,SHAHED,145.0,72.0,1,0.496551724137931
2025-03-18,UNKNOWN,4.0,0.0,1,0.0
2025-03-19,SHAHED,171.0,75.0,1,0.43859649122807015
2025-03-20,SHAHED,214.0,114.0,1,0.5327102803738317
2025-03-21,SHAHED,179.0,100.0,1,0.5586592178770949
2025-03-22,SHAHED,147.0,97.0,1,0.6598639455782312
2025-03-23,SHAHED,99.0,57.0,1,0.5757575757575758
2025-03-24,MISSILE,1.0,0.0,1,0.0
2025-03-24,SHAHED,139.0,78.0,1,0.5611510791366906
2025-03-25,SHAHED,117.0,56.0,1,0.47863247863247865
2025-03-26,MISSILE,1.0,0.0,1,0.0
2025-03-26,SHAHED,86.0,42.0,1,0.4883720930232558
2025-03-27,SHAHED,163.0,89.0,1,0.5460122699386503
2025-03-28,SHAHED,172.0,94.0,1,0.5465116279069767
2025-03-29,MISSILE,1.0,0.0,1,0.0
2025-03-29,SHAHED,111.0,65.0,1,0.5855855855855856
2025-03-30,MISSILE,2.0,0.0,1,0.0
2025-03-30,SHAHED,131.0,57.0,1,0.4351145038167939
2025-03-31,UNKNOWN,2.0,2.0,1,1.0
2025-04-01,SHAHED,74.0,41.0,1,0.5540540540540541
2025-04-02,SHAHED,39.0,28.0,1,0.717948717948718
2025-04-03,SHAHED,78.0,42.0,1,0.5384615384615384
2025-04-04,MISSILE,1.0,0.0,1,0.0
2025-04-04,SHAHED,92.0,51.0,1,0.5543478260869565
2025-04-05,MISSILE,9.0,6.0,1,0.6666666666666666
2025-04-05,SHAHED,109.0,40.0,1,0.3669724770642202
2025-04-06,MISSILE,14.0,7.0,2,0.5
2025-04-07,MISSILE,1.0,0.0,1,0.0
2025-04-07,SHAHED,46.0,9.0,1,0.1956521739130435
2025-04-08,SHAHED,55.0,32.0,1,0.5818181818181818
2025-04-09,SHAHED,145.0,85.0,1,0.5862068965517241
2025-04-10,MISSILE,1.0,0.0,1,0.0
2025-04-10,SHAHED,39.0,24.0,1,0.6153846153846154
2025-04-11,SHAHED,88.0,56.0,1,0.6363636363636364
2025-04-12,SHAHED,55.0,43.0,1,0.7818181818181819
2025-04-13,MISSILE,2.0,0.0,1,0.0
2025-04-13,SHAHED,62.0,40.0,1,0.6451612903225806
2025-04-14,MISSILE,1.0,0.0,1,0.0
2025-04-14,SHAHED,52.0,26.0,1,0.5
2025-04-15,SHAHED,97.0,57.0,1,0.5876288659793815
2025-04-16,MISSILE,2.0,0.0,1,0.0
2025-04-16,SHAHED,75.0,25.0,1,0.3333333333333333
2025-04-16,UNKNOWN,3.0,0.0,1,0.0
2025-04-17,MISSILE,1.0,0.0,1,0.0
2025-04-17,SHAHED,37.0,23.0,1,0.6216216216216216
2025-04-18,MISSILE,10.0,3.0,3,0.3
2025-04-18,SHAHED,87.0,33.0,1,0.3793103448275862
2025-04-18,UNKNOWN,3.0,0.0,1,0.0
2025-04-21,MISSILE,1.0,0.0,1,0.0
2025-04-21,SHAHED,150.0,80.0,2,0.5333333333333333
2025-04-21,UNKNOWN,2.0,0.0,1,0.0
2025-04-22,SHAHED,211.0,105.0,2,0.4976303317535545
2025-04-23,SHAHED,145.0,64.0,1,0.4413793103448276
2025-04-24,MISSILE,66.0,44.0,4,0.6666666666666666
2025-04-24,SHAHED,103.0,41.0,1,0.39805825242718446
2025-04-24,UNKNOWN,4.0,4.0,1,1.0
2025-04-25,MISSILE,1.0,0.0,1,0.0
2025-04-25,SHAHED,114.0,66.0,1,0.5789473684210527
2025-04-25,UNKNOWN,2.0,0.0,1,0.0
2025-04-26,SHAHED,149.0,57.0,1,0.3825503355704698
2025-04-27,SHAHED,166.0,40.0,1,0.24096385542168675
2025-04-28,SHAHED,100.0,37.0,1,0.37
2025-04-29,SHAHED,108.0,50.0,1,0.46296296296296297
2025-04-30,MISSILE,5.0,0.0,1,0.0
2025-04-30,SHAHED,170.0,74.0,1,0.43529411764705883
2025-05-01,SHAHED,150.0,64.0,1,0.4266666666666667
2025-05-02,MISSILE,2.0,0.0,2,0.0
2025-05-02,SHAHED,183.0,77.0,1,0.4207650273224044
2025-05-03,SHAHED,165.0,69.0,1,0.41818181818181815
2025-05-04,MISSILE,2.0,0.0,1,0.0
2025-05-04,SHAHED,116.0,42.0,1,0.3620689655172414
2025-05-05,EXCLUDED,1.0,1.0,1,1.0
2025-05-05,SHAHED,136.0,54.0,1,0.39705882352941174
2025-05-06,MISSILE,5.0,2.0,1,0.4
2025-05-06,SHAHED,187.0,81.0,1,0.43315508021390375
2025-05-07,SHAHED,31.0,20.0,1,0.6451612903225806
2025-05-11,SHAHED,216.0,115.0,2,0.5324074074074074
2025-05-12,SHAHED,10.0,10.0,1,1.0
2025-05-13,MISSILE,1.0,0.0,1,0.0
2025-05-13,SHAHED,145.0,80.0,1,0.5517241379310345
2025-05-15,SHAHED,110.0,62.0,1,0.5636363636363636
2025-05-16,SHAHED,174.0,109.0,2,0.6264367816091954
2025-05-17,SHAHED,273.0,88.0,1,0.32234432234432236
2025-05-18,SHAHED,112.0,41.0,1,0.36607142857142855
2025-05-19,SHAHED,108.0,35.0,1,0.32407407407407407
2025-05-21,SHAHED,76.0,22.0,1,0.2894736842105263
2025-05-22,MISSILE,2.0,0.0,2,0.0
2025-05-22,SHAHED,303.0,165.0,2,0.5445544554455446
2025-05-23,MISSILE,14.0,6.0,1,0.42857142857142855
2025-05-23,SHAHED,250.0,128.0,1,0.512
2025-05-24,SHAHED,298.0,139.0,1,0.4664429530201342
2025-05-25,MISSILE,64.0,45.0,2,0.703125
2025-05-25,SHAHED,355.0,233.0,1,0.6563380281690141
2025-05-25,UNKNOWN,5.0,0.0,2,0.0
2025-05-26,MISSILE,9.0,9.0,1,1.0
2025-05-26,SHAHED,60.0,35.0,1,0.5833333333333334
2025-05-27,MISSILE,5.0,0.0,1,0.0
2025-05-27,SHAHED,88.0,34.0,1,0.38636363636363635
2025-05-27,UNKNOWN,1.0,0.0,1,0.0
2025-05-28,SHAHED,90.0,10.0,1,0.1111111111111111
2025-05-29,MISSILE,2.0,0.0,1,0.0
2025-05-29,SHAHED,90.0,26.0,1,0.28888888888888886
2025-05-30,SHAHED,107.0,39.0,1,0.3644859813084112
2025-05-30,UNKNOWN,7.0,3.0,3,0.42857142857142855
2025-05-31,MISSILE,7.0,3.0,2,0.42857142857142855
2025-05-31,SHAHED,472.0,210.0,1,0.4449152542372881
2025-06-01,MISSILE,4.0,0.0,2,0.0
2025-06-01,SHAHED,80.0,15.0,1,0.1875
2025-06-02,SHAHED,112.0,60.0,1,0.5357142857142857
2025-06-03,SHAHED,95.0,36.0,1,0.37894736842105264
2025-06-04,MISSILE,1.0,0.0,1,0.0
2025-06-04,SHAHED,103.0,28.0,1,0.27184466019417475
2025-06-05,MISSILE,8.0,6.0,2,0.75
2025-06-05,SHAHED,407.0,199.0,1,0.48894348894348894
2025-06-05,UNKNOWN,1.0,0.0,1,0.0
2025-06-06,MISSILE,39.0,31.0,3,0.7948717948717948
2025-06-06,SHAHED,206.0,87.0,1,0.4223300970873786
2025-06-06,UNKNOWN,6.0,6.0,1,1.0
2025-06-07,MISSILE,1.0,0.0,1,0.0
2025-06-07,SHAHED,49.0,22.0,1,0.4489795918367347
2025-06-07,UNKNOWN,2.0,0.0,1,0.0
2025-06-08,MISSILE,4.0,4.0,1,1.0
2025-06-08,SHAHED,479.0,277.0,1,0.5782881002087683
2025-06-08,UNKNOWN,7.0,3.0,3,0.42857142857142855
2025-06-09,MISSILE,17.0,17.0,3,1.0
2025-06-09,SHAHED,315.0,213.0,1,0.6761904761904762
2025-06-10,MISSILE,1.0,0.0,1,0.0
2025-06-10,SHAHED,85.0,40.0,1,0.47058823529411764
2025-06-11,SHAHED,63.0,28.0,1,0.4444444444444444
2025-06-12,MISSILE,4.0,0.0,1,0.0
2025-06-12,SHAHED,55.0,28.0,1,0.509090909090909
2025-06-13,SHAHED,58.0,23.0,1,0.39655172413793105
2025-06-14,SHAHED,183.0,111.0,1,0.6065573770491803
2025-06-15,MISSILE,11.0,8.0,4,0.7272727272727273
2025-06-15,SHAHED,138.0,84.0,1,0.6086956521739131
2025-06-16,SHAHED,440.0,239.0,1,0.5431818181818182
2025-06-16,UNKNOWN,10.0,7.0,2,0.7
2025-06-17,MISSILE,22.0,16.0,3,0.7272727272727273
2025-06-17,SHAHED,58.0,12.0,1,0.20689655172413793
2025-06-18,SHAHED,104.0,40.0,1,0.38461538461538464
2025-06-19,SHAHED,86.0,34.0,1,0.3953488372093023
2025-06-20,SHAHED,272.0,140.0,1,0.5147058823529411
2025-06-21,MISSILE,10.0,5.0,4,0.5
2025-06-21,SHAHED,47.0,18.0,1,0.3829787234042553
2025-06-21,UNKNOWN,1.0,0.0,1,0.0
2025-06-22,MISSILE,16.0,12.0,2,0.75
2025-06-22,SHAHED,352.0,146.0,1,0.4147727272727273
2025-06-23,SHAHED,97.0,63.0,1,0.6494845360824743
2025-06-24,SHAHED,71.0,32.0,1,0.4507042253521127
2025-06-25,SHAHED,41.0,8.0,1,0.1951219512195122
2025-06-26,SHAHED,363.0,211.0,1,0.581267217630854
2025-06-27,MISSILE,8.0,6.0,2,0.75
2025-06-27,SHAHED,23.0,21.0,1,0.9130434782608695
2025-06-28,SHAHED,477.0,211.0,1,0.44234800838574423
2025-06-29,MISSILE,57.0,38.0,4,0.6666666666666666
2025-06-29,SHAHED,107.0,64.0,1,0.5981308411214953
2025-06-29,UNKNOWN,3.0,0.0,1,0.0
2025-06-30,SHAHED,52.0,14.0,1,0.2692307692307692
2025-07-01,SHAHED,114.0,30.0,1,0.2631578947368421
2025-07-01,UNKNOWN,4.0,0.0,1,0.0
2025-07-02,SHAHED,52.0,22.0,1,0.4230769230769231
2025-07-03,SHAHED,539.0,268.0,1,0.4972170686456401
2025-07-04,MISSILE,11.0,2.0,3,0.18181818181818182
2025-07-04,SHAHED,322.0,157.0,1,0.48757763975155277
2025-07-05,SHAHED,157.0,98.0,1,0.6242038216560509
2025-07-05,UNKNOWN,4.0,0.0,1,0.0
2025-07-06,SHAHED,101.0,58.0,1,0.5742574257425742
2025-07-06,UNKNOWN,4.0,0.0,1,0.0
2025-07-08,EXCLUDED,1.0,1.0,1,1.0
2025-07-08,MISSILE,13.0,7.0,2,0.5384615384615384
2025-07-08,SHAHED,782.0,322.0,2,0.4117647058823529
2025-07-08,UNKNOWN,4.0,0.0,1,0.0
2025-07-09,EXCLUDED,1.0,1.0,1,1.0
2025-07-09,MISSILE,14.0,14.0,2,1.0
2025-07-09,SHAHED,397.0,164.0,1,0.41309823677581864
2025-07-09,UNKNOWN,4.0,0.0,1,0.0
2025-07-10,EXCLUDED,1.0,1.0,1,1.0
2025-07-10,SHAHED,79.0,44.0,1,0.5569620253164557
2025-07-11,SHAHED,597.0,319.0,1,0.5343383584589615
2025-07-12,MISSILE,26.0,25.0,1,0.9615384615384616
2025-07-12,SHAHED,60.0,20.0,1,0.3333333333333333
2025-07-13,SHAHED,136.0,61.0,1,0.4485294117647059
2025-07-13,UNKNOWN,4.0,0.0,1,0.0
2025-07-14,SHAHED,267.0,178.0,1,0.6666666666666666
2025-07-15,MISSILE,1.0,0.0,1,0.0
2025-07-15,SHAHED,400.0,198.0,1,0.495
2025-07-16,SHAHED,64.0,36.0,1,0.5625
2025-07-17,SHAHED,35.0,11.0,1,0.3142857142857143
2025-07-18,SHAHED,344.0,185.0,1,0.5377906976744186
2025-07-19,MISSILE,35.0,23.0,3,0.6571428571428571
2025-07-19,SHAHED,57.0,18.0,1,0.3157894736842105
2025-07-20,SHAHED,426.0,200.0,1,0.4694835680751174
2025-07-21,MISSILE,24.0,24.0,4,1.0
2025-07-21,SHAHED,42.0,26.0,1,0.6190476190476191
2025-07-22,SHAHED,71.0,27.0,1,0.38028169014084506
2025-07-23,MISSILE,4.0,1.0,1,0.25
2025-07-23,SHAHED,103.0,90.0,1,0.8737864077669902
2025-07-24,MISSILE,2.0,0.0,1,0.0
2025-07-24,SHAHED,61.0,54.0,1,0.8852459016393442
2025-07-25,MISSILE,27.0,17.0,1,0.6296296296296297
2025-07-25,SHAHED,208.0,183.0,1,0.8798076923076923
2025-07-26,SHAHED,83.0,78.0,1,0.9397590361445783
2025-07-27,SHAHED,324.0,309.0,1,0.9537037037037037
2025-07-28,MISSILE,9.0,2.0,3,0.2222222222222222
2025-07-28,SHAHED,37.0,32.0,1,0.8648648648648649
2025-07-29,SHAHED,78.0,51.0,1,0.6538461538461539
2025-07-30,MISSILE,8.0,3.0,1,0.375
2025-07-30,SHAHED,309.0,288.0,1,0.9320388349514563
2025-07-31,SHAHED,72.0,44.0,1,0.6111111111111112
2025-08-01,SHAHED,53.0,45.0,1,0.8490566037735849
2025-08-02,MISSILE,1.0,1.0,1,1.0
2025-08-02,SHAHED,76.0,60.0,1,0.7894736842105263
2025-08-02,UNKNOWN,6.0,0.0,2,0.0
2025-08-03,SHAHED,162.0,161.0,1,0.9938271604938271
2025-08-04,MISSILE,8.0,1.0,3,0.125
2025-08-04,SHAHED,46.0,29.0,1,0.6304347826086957
2025-08-05,MISSILE,1.0,0.0,1,0.0
2025-08-05,SHAHED,45.0,36.0,1,0.8
2025-08-06,SHAHED,112.0,89.0,1,0.7946428571428571
2025-08-07,SHAHED,108.0,82.0,1,0.7592592592592593
2025-08-08,MISSILE,2.0,1.0,1,0.5
2025-08-08,SHAHED,47.0,16.0,1,0.3404255319148936
2025-08-09,SHAHED,100.0,70.0,1,0.7
2025-08-10,SHAHED,71.0,59.0,1,0.8309859154929577
2025-08-11,MISSILE,4.0,0.0,1,0.0
2025-08-11,SHAHED,48.0,36.0,1,0.75
2025-08-12,MISSILE,2.0,2.0,1,1.0
2025-08-12,SHAHED,49.0,32.0,1,0.6530612244897959
2025-08-13,SHAHED,45.0,24.0,1,0.5333333333333333
2025-08-13,UNKNOWN,2.0,0.0,1,0.0
2025-08-14,MISSILE,2.0,0.0,1,0.0
2025-08-14,SHAHED,97.0,63.0,1,0.6494845360824743
2025-08-15,MISSILE,1.0,0.0,1,0.0
2025-08-15,SHAHED,85.0,61.0,1,0.7176470588235294
2025-08-16,MISSILE,1.0,0.0,1,0.0
2025-08-16,SHAHED,60.0,40.0,1,0.6666666666666666
2025-08-17,MISSILE,4.0,0.0,1,0.0
2025-08-17,SHAHED,140.0,88.0,1,0.6285714285714286
2025-08-18,MISSILE,5.0,2.0,1,0.4
2025-08-18,SHAHED,270.0,230.0,1,0.8518518518518519
2025-08-19,MISSILE,7.0,5.0,2,0.7142857142857143
2025-08-19,SHAHED,93.0,62.0,1,0.6666666666666666
2025-08-20,MISSILE,35.0,30.0,3,0.8571428571428571
2025-08-20,SHAHED,574.0,546.0,1,0.9512195121951219
2025-08-20,UNKNOWN,1.0,0.0,1,0.0
2025-08-21,SHAHED,55.0,46.0,1,0.8363636363636363
2025-08-22,SHAHED,49.0,36.0,1,0.7346938775510204
2025-08-23,MISSILE,1.0,0.0,1,0.0
2025-08-23,SHAHED,72.0,48.0,1,0.6666666666666666
2025-08-24,SHAHED,104.0,76.0,1,0.7307692307692307
2025-08-25,SHAHED,59.0,47.0,1,0.7966101694915254
2025-08-26,SHAHED,95.0,74.0,1,0.7789473684210526
2025-08-27,SHAHED,598.0,563.0,1,0.9414715719063546
2025-08-28,MISSILE,31.0,26.0,3,0.8387096774193549
2025-08-28,SHAHED,68.0,46.0,1,0.6764705882352942
2025-08-29,SHAHED,537.0,510.0,1,0.9497206703910615
2025-08-30,MISSILE,45.0,38.0,2,0.8444444444444444
2025-08-30,SHAHED,142.0,126.0,1,0.8873239436619719
2025-08-31,SHAHED,86.0,67.0,1,0.7790697674418605
2025-09-01,SHAHED,150.0,120.0,1,0.8
2025-09-02,SHAHED,555.0,478.0,2,0.8612612612612612
2025-09-03,MISSILE,24.0,21.0,2,0.875
2025-09-03,SHAHED,112.0,84.0,1,0.75
2025-09-04,SHAHED,157.0,121.0,1,0.7707006369426752
2025-09-04,UNKNOWN,7.0,0.0,2,0.0
2025-09-05,SHAHED,91.0,68.0,1,0.7472527472527473
2025-09-06,MISSILE,13.0,4.0,2,0.3076923076923077
2025-09-06,SHAHED,810.0,747.0,1,0.9222222222222223
2025-09-07,SHAHED,142.0,112.0,1,0.7887323943661971
2025-09-08,SHAHED,84.0,60.0,1,0.7142857142857143
2025-09-09,MISSILE,43.0,27.0,2,0.627906976744186
2025-09-09,SHAHED,415.0,386.0,1,0.9301204819277108
2025-09-10,SHAHED,66.0,62.0,1,0.9393939393939394
2025-09-11,SHAHED,40.0,33.0,1,0.825
2025-09-12,MISSILE,1.0,0.0,1,0.0
2025-09-12,SHAHED,164.0,137.0,1,0.8353658536585366
2025-09-13,MISSILE,1.0,0.0,1,0.0
2025-09-13,SHAHED,58.0,52.0,1,0.896551724137931
2025-09-14,SHAHED,84.0,59.0,1,0.7023809523809523
2025-09-14,UNKNOWN,3.0,0.0,1,0.0
2025-09-15,SHAHED,113.0,89.0,1,0.7876106194690266
2025-09-16,MISSILE,1.0,0.0,1,0.0
2025-09-16,SHAHED,172.0,136.0,1,0.7906976744186046
2025-09-16,UNKNOWN,1.0,0.0,1,0.0
2025-09-17,SHAHED,75.0,48.0,1,0.64
2025-09-18,SHAHED,86.0,71.0,1,0.8255813953488372
2025-09-19,SHAHED,579.0,552.0,1,0.9533678756476683
2025-09-20,MISSILE,40.0,31.0,2,0.775
2025-09-20,SHAHED,54.0,33.0,1,0.6111111111111112
2025-09-21,SHAHED,141.0,132.0,1,0.9361702127659575
2025-09-22,MISSILE,3.0,0.0,1,0.0
2025-09-22,SHAHED,115.0,103.0,1,0.8956521739130435
2025-09-23,SHAHED,152.0,126.0,1,0.8289473684210527
2025-09-24,SHAHED,176.0,150.0,1,0.8522727272727273
2025-09-25,SHAHED,154.0,128.0,1,0.8311688311688312
2025-09-26,SHAHED,115.0,97.0,1,0.8434782608695652
2025-09-27,SHAHED,593.0,566.0,1,0.954468802698145
2025-09-27,UNKNOWN,2.0,2.0,1,1.0
2025-09-28,MISSILE,48.0,43.0,3,0.8958333333333334
2025-09-28,SHAHED,32.0,23.0,1,0.71875
2025-09-29,SHAHED,65.0,46.0,1,0.7076923076923077
2025-09-30,MISSILE,5.0,0.0,2,0.0
2025-09-30,SHAHED,49.0,44.0,1,0.8979591836734694
2025-10-01,SHAHED,86.0,53.0,1,0.6162790697674418
2025-10-02,MISSILE,28.0,12.0,2,0.42857142857142855
2025-10-02,SHAHED,381.0,303.0,1,0.7952755905511811
2025-10-02,UNKNOWN,7.0,5.0,1,0.7142857142857143
2025-10-03,MISSILE,5.0,0.0,2,0.0
2025-10-03,SHAHED,109.0,73.0,1,0.6697247706422018
2025-10-04,SHAHED,496.0,439.0,1,0.8850806451612904
2025-10-05,MISSILE,53.0,39.0,3,0.7358490566037735
2025-10-05,SHAHED,116.0,83.0,1,0.7155172413793104
2025-10-06,SHAHED,152.0,88.0,1,0.5789473684210527
2025-10-07,SHAHED,183.0,154.0,1,0.8415300546448088
2025-10-08,SHAHED,112.0,87.0,1,0.7767857142857143
2025-10-09,MISSILE,26.0,13.0,2,0.5
2025-10-09,SHAHED,465.0,405.0,1,0.8709677419354839
2025-10-09,UNKNOWN,4.0,1.0,1,0.25
2025-10-10,MISSILE,2.0,1.0,1,0.5
2025-10-10,SHAHED,78.0,54.0,1,0.6923076923076923
2025-10-11,SHAHED,118.0,103.0,1,0.8728813559322034
2025-10-11,UNKNOWN,1.0,0.0,1,0.0
2025-10-12,SHAHED,82.0,69.0,1,0.8414634146341463
2025-10-13,SHAHED,96.0,69.0,1,0.71875
2025-10-14,SHAHED,113.0,86.0,1,0.7610619469026548
2025-10-15,SHAHED,320.0,283.0,1,0.884375
2025-10-15,UNKNOWN,7.0,5.0,1,0.7142857142857143
2025-10-16,MISSILE,30.0,0.0,3,0.0
2025-10-16,SHAHED,70.0,35.0,1,0.5
2025-10-17,SHAHED,164.0,136.0,1,0.8292682926829268
2025-10-17,UNKNOWN,3.0,0.0,1,0.0
2025-10-18,SHAHED,62.0,40.0,1,0.6451612903225806
2025-10-19,MISSILE,3.0,0.0,1,0.0
2025-10-19,SHAHED,60.0,38.0,1,0.6333333333333333
2025-10-20,MISSILE,2.0,0.0,1,0.0
2025-10-20,SHAHED,98.0,58.0,1,0.5918367346938775
2025-10-20,UNKNOWN,4.0,0.0,1,0.0
2025-10-21,MISSILE,20.0,14.0,2,0.7
2025-10-21,SHAHED,405.0,333.0,1,0.8222222222222222
2025-10-21,UNKNOWN,4.0,2.0,1,0.5
2025-10-22,MISSILE,4.0,0.0,1,0.0
2025-10-22,SHAHED,130.0,92.0,1,0.7076923076923077
2025-10-23,SHAHED,128.0,72.0,1,0.5625
2025-10-24,MISSILE,9.0,4.0,1,0.4444444444444444
2025-10-24,SHAHED,62.0,50.0,1,0.8064516129032258
2025-10-25,SHAHED,101.0,90.0,1,0.8910891089108911
2025-10-26,SHAHED,100.0,66.0,1,0.66
2025-10-27,SHAHED,38.0,26.0,1,0.6842105263157895
2025-10-28,SHAHED,126.0,93.0,1,0.7380952380952381
2025-10-29,SHAHED,653.0,592.0,1,0.9065849923430321
2025-10-30,MISSILE,50.0,30.0,7,0.6
2025-10-30,SHAHED,145.0,107.0,1,0.7379310344827587
2025-10-30,UNKNOWN,3.0,2.0,2,0.6666666666666666
2025-10-31,SHAHED,223.0,206.0,1,0.9237668161434978
2025-11-01,MISSILE,2.0,0.0,1,0.0
2025-11-01,SHAHED,79.0,67.0,1,0.8481012658227848
2025-11-02,MISSILE,7.0,1.0,2,0.14285714285714285
2025-11-02,SHAHED,138.0,115.0,1,0.8333333333333334
2025-11-02,UNKNOWN,5.0,0.0,1,0.0
2025-11-03,MISSILE,1.0,0.0,1,0.0
2025-11-03,SHAHED,130.0,92.0,1,0.7076923076923077
2025-11-03,UNKNOWN,6.0,0.0,1,0.0
2025-11-04,SHAHED,80.0,61.0,1,0.7625
2025-11-05,SHAHED,135.0,108.0,1,0.8
2025-11-06,SHAHED,128.0,94.0,1,0.734375
2025-11-07,MISSILE,45.0,9.0,2,0.2
2025-11-07,SHAHED,458.0,406.0,1,0.8864628820960698
2025-11-08,SHAHED,69.0,34.0,1,0.4927536231884058
2025-11-09,SHAHED,67.0,52.0,1,0.7761194029850746
2025-11-09,UNKNOWN,5.0,0.0,1,0.0
2025-11-10,MISSILE,2.0,0.0,1,0.0
2025-11-10,SHAHED,119.0,53.0,1,0.44537815126050423
2025-11-11,SHAHED,121.0,90.0,1,0.743801652892562
2025-11-12,SHAHED,138.0,102.0,1,0.7391304347826086
2025-11-13,MISSILE,16.0,12.0,3,0.75
2025-11-13,SHAHED,430.0,405.0,1,0.9418604651162791
2025-11-14,MISSILE,6.0,4.0,2,0.6666666666666666
2025-11-14,SHAHED,135.0,91.0,1,0.674074074074074
2025-11-15,MISSILE,1.0,0.0,1,0.0
2025-11-15,SHAHED,176.0,139.0,1,0.7897727272727273
2025-11-16,MISSILE,2.0,0.0,1,0.0
2025-11-16,SHAHED,128.0,91.0,1,0.7109375
2025-11-17,MISSILE,4.0,0.0,1,0.0
2025-11-17,SHAHED,114.0,101.0,1,0.8859649122807017
2025-11-18,MISSILE,1.0,0.0,1,0.0
2025-11-18,SHAHED,476.0,442.0,1,0.9285714285714286
2025-11-19,MISSILE,47.0,41.0,2,0.8723404255319149
2025-11-19,SHAHED,136.0,106.0,1,0.7794117647058824
2025-11-20,SHAHED,115.0,95.0,1,0.8260869565217391
2025-11-21,MISSILE,1.0,0.0,1,0.0
2025-11-21,SHAHED,104.0,89.0,1,0.8557692307692307
2025-11-22,SHAHED,98.0,69.0,1,0.7040816326530612
2025-11-23,SHAHED,162.0,125.0,1,0.7716049382716049
2025-11-24,MISSILE,18.0,13.0,3,0.7222222222222222
2025-11-24,SHAHED,464.0,438.0,1,0.9439655172413793
2025-11-25,MISSILE,6.0,1.0,3,0.16666666666666666
2025-11-25,SHAHED,90.0,72.0,1,0.8
2025-11-26,SHAHED,142.0,92.0,1,0.647887323943662
2025-11-27,SHAHED,72.0,63.0,1,0.875
2025-11-28,MISSILE,32.0,17.0,3,0.53125
2025-11-28,SHAHED,596.0,558.0,1,0.9362416107382551
2025-11-28,UNKNOWN,4.0,2.0,1,0.5
2025-11-29,SHAHED,122.0,104.0,1,0.8524590163934426
2025-11-30,SHAHED,89.0,63.0,1,0.7078651685393258
2025-12-01,SHAHED,62.0,39.0,1,0.6290322580645161
2025-12-02,SHAHED,111.0,83.0,1,0.7477477477477478
2025-12-03,MISSILE,1.0,0.0,1,0.0
2025-12-03,SHAHED,138.0,114.0,1,0.8260869565217391
2025-12-04,SHAHED,137.0,80.0,1,0.583941605839416
2025-12-05,MISSILE,48.0,30.0,2,0.625
2025-12-05,SHAHED,653.0,585.0,1,0.8958652373660031
2025-12-06,MISSILE,8.0,4.0,3,0.5
2025-12-06,SHAHED,241.0,175.0,1,0.7261410788381742
2025-12-07,SHAHED,149.0,131.0,1,0.8791946308724832
2025-12-08,SHAHED,110.0,84.0,1,0.7636363636363637
2025-12-09,SHAHED,80.0,50.0,1,0.625
2025-12-10,MISSILE,3.0,2.0,1,0.6666666666666666
2025-12-10,SHAHED,151.0,83.0,1,0.5496688741721855
2025-12-11,SHAHED,80.0,64.0,1,0.8
2025-12-12,MISSILE,26.0,13.0,3,0.5
2025-12-12,SHAHED,465.0,417.0,1,0.896774193548387
2025-12-13,MISSILE,5.0,0.0,2,0.0
2025-12-13,SHAHED,138.0,110.0,1,0.7971014492753623
2025-12-14,SHAHED,153.0,133.0,1,0.869281045751634
2025-12-15,SHAHED,69.0,57.0,1,0.8260869565217391
2025-12-16,SHAHED,69.0,37.0,1,0.5362318840579711
2025-12-17,SHAHED,82.0,63.0,1,0.7682926829268293
2025-12-18,SHAHED,160.0,108.0,1,0.675
2025-12-19,SHAHED,51.0,31.0,1,0.6078431372549019
2025-12-20,SHAHED,97.0,75.0,1,0.7731958762886598
2025-12-21,SHAHED,86.0,58.0,1,0.6744186046511628
2025-12-22,SHAHED,635.0,587.0,1,0.9244094488188976
2025-12-23,MISSILE,38.0,34.0,2,0.8947368421052632
2025-12-23,SHAHED,116.0,60.0,1,0.5172413793103449
2025-12-24,SHAHED,131.0,106.0,1,0.8091603053435115
2025-12-25,MISSILE,1.0,0.0,1,0.0
2025-12-25,SHAHED,99.0,73.0,1,0.7373737373737373
2025-12-26,MISSILE,38.0,29.0,3,0.7631578947368421
2025-12-26,SHAHED,519.0,474.0,1,0.9132947976878613
2025-12-26,UNKNOWN,2.0,0.0,1,0.0
2025-12-27,SHAHED,48.0,30.0,1,0.625
2025-12-28,SHAHED,25.0,21.0,1,0.84
2025-12-29,MISSILE,2.0,1.0,2,0.5
2025-12-29,SHAHED,60.0,52.0,1,0.8666666666666667
2025-12-30,SHAHED,127.0,101.0,1,0.7952755905511811
2025-12-31,SHAHED,205.0,176.0,1,0.8585365853658536
2026-01-01,SHAHED,126.0,96.0,2,0.7619047619047619
2026-01-02,SHAHED,95.0,80.0,1,0.8421052631578947
2026-01-03,SHAHED,52.0,39.0,1,0.75
2026-01-04,MISSILE,9.0,0.0,1,0.0
2026-01-04,SHAHED,165.0,137.0,1,0.8303030303030303
2026-01-05,SHAHED,61.0,53.0,1,0.8688524590163934
2026-01-06,MISSILE,1.0,0.0,1,0.0
2026-01-06,SHAHED,95.0,81.0,1,0.8526315789473684
2026-01-07,SHAHED,97.0,70.0,1,0.7216494845360825
2026-01-08,MISSILE,36.0,18.0,3,0.5
2026-01-08,SHAHED,242.0,226.0,1,0.9338842975206612
2026-01-09,MISSILE,1.0,0.0,1,0.0
2026-01-09,SHAHED,121.0,94.0,1,0.7768595041322314
2026-01-10,SHAHED,154.0,125.0,1,0.8116883116883117
2026-01-11,SHAHED,167.0,146.0,2,0.874251497005988
2026-01-12,MISSILE,25.0,7.0,2,0.28
2026-01-12,SHAHED,293.0,240.0,1,0.8191126279863481
2026-01-13,MISSILE,3.0,1.0,1,0.3333333333333333
2026-01-13,SHAHED,113.0,89.0,1,0.7876106194690266
2026-01-14,SHAHED,92.0,71.0,2,0.7717391304347826
2026-01-15,SHAHED,76.0,53.0,1,0.6973684210526315
2026-01-16,SHAHED,115.0,96.0,1,0.8347826086956521
2026-01-17,SHAHED,201.0,167.0,1,0.8308457711442786
2026-01-18,SHAHED,145.0,126.0,1,0.8689655172413793
2026-01-19,MISSILE,34.0,27.0,3,0.7941176470588235
2026-01-19,SHAHED,339.0,315.0,1,0.9292035398230089
2026-01-20,MISSILE,1.0,0.0,1,0.0
2026-01-20,SHAHED,97.0,84.0,1,0.865979381443299
2026-01-21,SHAHED,94.0,80.0,1,0.851063829787234
2026-01-22,SHAHED,101.0,76.0,1,0.7524752475247525
2026-01-23,MISSILE,8.0,5.0,2,0.625
2026-01-23,SHAHED,375.0,357.0,1,0.952
2026-01-23,UNKNOWN,13.0,10.0,2,0.7692307692307693
2026-01-24,MISSILE,2.0,0.0,1,0.0
2026-01-24,SHAHED,102.0,87.0,1,0.8529411764705882
2026-01-25,SHAHED,138.0,110.0,1,0.7971014492753623
2026-01-26,SHAHED,165.0,135.0,1,0.8181818181818182
2026-01-27,MISSILE,1.0,0.0,1,0.0
2026-01-27,SHAHED,149.0,106.0,2,0.7114093959731543
2026-01-28,SHAHED,111.0,90.0,2,0.8108108108108109
2026-01-29,MISSILE,1.0,0.0,1,0.0
2026-01-29,SHAHED,111.0,80.0,1,0.7207207207207207
2026-01-30,SHAHED,85.0,64.0,1,0.7529411764705882
2026-01-31,SHAHED,90.0,76.0,1,0.8444444444444444
2026-02-01,MISSILE,1.0,0.0,1,0.0
2026-02-01,SHAHED,171.0,157.0,1,0.9181286549707602
2026-02-02,MISSILE,64.0,35.0,3,0.546875
2026-02-02,SHAHED,450.0,412.0,1,0.9155555555555556
2026-02-02,UNKNOWN,7.0,3.0,1,0.42857142857142855
2026-02-03,SHAHED,105.0,88.0,1,0.8380952380952381
2026-02-04,MISSILE,2.0,0.0,1,0.0
2026-02-04,SHAHED,183.0,156.0,1,0.8524590163934426
2026-02-05,MISSILE,2.0,0.0,1,0.0
2026-02-05,SHAHED,328.0,297.0,1,0.9054878048780488
2026-02-05,UNKNOWN,5.0,0.0,1,0.0
2026-02-06,SHAHED,408.0,382.0,1,0.9362745098039216
2026-02-07,MISSILE,39.0,24.0,3,0.6153846153846154
2026-02-07,SHAHED,101.0,69.0,1,0.6831683168316832
2026-02-08,MISSILE,11.0,0.0,1,0.0
2026-02-08,SHAHED,149.0,116.0,1,0.7785234899328859
2026-02-09,SHAHED,125.0,110.0,1,0.88
2026-02-10,SHAHED,129.0,112.0,1,0.8682170542635659
2026-02-11,MISSILE,27.0,15.0,2,0.5555555555555556
2026-02-11,SHAHED,219.0,197.0,1,0.8995433789954338
2026-02-11,UNKNOWN,1.0,1.0,1,1.0
2026-02-12,MISSILE,1.0,0.0,1,0.0
2026-02-12,SHAHED,154.0,111.0,1,0.7207792207792207
2026-02-13,MISSILE,1.0,0.0,1,0.0
2026-02-13,SHAHED,112.0,91.0,1,0.8125
2026-02-14,SHAHED,83.0,55.0,1,0.6626506024096386
2026-02-15,MISSILE,5.0,2.0,2,0.4
2026-02-15,SHAHED,62.0,52.0,1,0.8387096774193549
2026-02-15,UNKNOWN,1.0,0.0,1,0.0
2026-02-16,MISSILE,8.0,4.0,2,0.5
2026-02-16,SHAHED,396.0,367.0,1,0.9267676767676768
2026-02-16,UNKNOWN,1.0,1.0,1,1.0
2026-02-17,MISSILE,21.0,20.0,2,0.9523809523809523
2026-02-17,SHAHED,126.0,100.0,1,0.7936507936507936
2026-02-18,SHAHED,37.0,29.0,1,0.7837837837837838
2026-02-19,MISSILE,1.0,0.0,1,0.0
2026-02-19,SHAHED,128.0,107.0,1,0.8359375
2026-02-20,MISSILE,1.0,0.0,1,0.0
2026-02-20,SHAHED,120.0,106.0,1,0.8833333333333333
2026-02-21,SHAHED,297.0,274.0,1,0.9225589225589226
2026-02-22,MISSILE,47.0,29.0,5,0.6170212765957447
2026-02-22,SHAHED,126.0,105.0,1,0.8333333333333334
2026-02-22,UNKNOWN,4.0,4.0,1,1.0
2026-02-23,SHAHED,133.0,111.0,1,0.8345864661654135
2026-02-24,SHAHED,115.0,95.0,1,0.8260869565217391
2026-02-25,SHAHED,420.0,374.0,1,0.8904761904761904
2026-02-26,MISSILE,37.0,30.0,3,0.8108108108108109
2026-02-26,SHAHED,187.0,165.0,1,0.8823529411764706
2026-02-26,UNKNOWN,2.0,2.0,1,1.0
2026-02-27,MISSILE,1.0,0.0,1,0.0
2026-02-27,SHAHED,105.0,96.0,1,0.9142857142857143
2026-02-28,SHAHED,123.0,110.0,1,0.8943089430894309
2026-03-01,SHAHED,94.0,84.0,1,0.8936170212765957
2026-03-02,SHAHED,136.0,127.0,1,0.9338235294117647
2026-03-03,SHAHED,149.0,129.0,1,0.8657718120805369
2026-03-04,SHAHED,155.0,136.0,1,0.8774193548387097
2026-03-05,SHAHED,141.0,111.0,1,0.7872340425531915
2026-03-06,SHAHED,480.0,453.0,1,0.94375
2026-03-07,MISSILE,31.0,19.0,4,0.6129032258064516
2026-03-07,SHAHED,117.0,98.0,1,0.8376068376068376
2026-03-08,MISSILE,2.0,0.0,1,0.0
2026-03-08,SHAHED,197.0,161.0,1,0.817258883248731
2026-03-09,SHAHED,137.0,122.0,1,0.8905109489051095
2026-03-10,SHAHED,99.0,90.0,1,0.9090909090909091
2026-03-11,SHAHED,94.0,77.0,1,0.8191489361702128
2026-03-12,MISSILE,1.0,0.0,1,0.0
2026-03-12,SHAHED,126.0,117.0,1,0.9285714285714286
2026-03-13,SHAHED,430.0,402.0,1,0.9348837209302325
2026-03-14,MISSILE,64.0,57.0,4,0.890625
2026-03-14,SHAHED,97.0,90.0,1,0.9278350515463918
2026-03-14,UNKNOWN,4.0,1.0,1,0.25
2026-03-15,SHAHED,211.0,194.0,1,0.919431279620853
2026-03-16,SHAHED,178.0,154.0,1,0.8651685393258427
2026-03-17,SHAHED,147.0,128.0,1,0.8707482993197279
2026-03-18,SHAHED,133.0,109.0,1,0.8195488721804511
2026-03-19,SHAHED,156.0,133.0,1,0.8525641025641025
2026-03-20,SHAHED,154.0,148.0,1,0.961038961038961
2026-03-21,SHAHED,139.0,127.0,1,0.9136690647482014
2026-03-22,SHAHED,251.0,234.0,1,0.9322709163346613
2026-03-23,MISSILE,12.0,12.0,2,1.0
2026-03-23,SHAHED,392.0,365.0,1,0.9311224489795918
2026-03-23,UNKNOWN,4.0,2.0,2,0.5
2026-03-24,MISSILE,18.0,18.0,1,1.0
2026-03-24,SHAHED,703.0,662.0,2,0.9416785206258891
2026-03-25,SHAHED,153.0,130.0,1,0.8496732026143791
2026-03-26,SHAHED,102.0,93.0,1,0.9117647058823529
2026-03-27,SHAHED,273.0,252.0,1,0.9230769230769231
2026-03-28,MISSILE,1.0,0.0,1,0.0
2026-03-28,SHAHED,442.0,380.0,1,0.8597285067873304
2026-03-29,SHAHED,164.0,150.0,1,0.9146341463414634
2026-03-30,SHAHED,289.0,267.0,1,0.9238754325259516
2026-03-31,SHAHED,339.0,298.0,1,0.8790560471976401
2026-04-01,SHAHED,533.0,492.0,2,0.9230769230769231
2026-04-02,MISSILE,12.0,2.0,2,0.16666666666666666
2026-04-02,SHAHED,542.0,515.0,1,0.9501845018450185
2026-04-03,MISSILE,25.0,24.0,1,0.96
2026-04-03,SHAHED,286.0,260.0,1,0.9090909090909091
2026-04-04,SHAHED,93.0,76.0,1,0.8172043010752689
