moscow_cloudcover_mean,moscow_windspeed_10m_max,moscow_precipitation_sum,moscow_weathercode,date,tver_cloudcover_mean,tver_windspeed_10m_max,tver_precipitation_sum,tver_weathercode,saratov_cloudcover_mean,saratov_windspeed_10m_max,saratov_precipitation_sum,saratov_weathercode,krasnodar_cloudcover_mean,krasnodar_windspeed_10m_max,krasnodar_precipitation_sum,krasnodar_weathercode,crimea_cloudcover_mean,crimea_windspeed_10m_max,crimea_precipitation_sum,crimea_weathercode,avg_cloud,avg_wind,avg_precip
28,26.6,0.0,3,2024-06-21,26,23.7,0.2,51,37,15.9,3.0,61,10,23.9,0.1,51,2,23.0,0.0,1,20.6,22.619999999999997,0.66
22,20.6,0.0,3,2024-06-22,38,17.1,0.0,3,63,30.2,14.7,63,10,16.8,0.0,2,3,9.3,0.0,1,27.2,18.8,2.94
71,12.3,0.0,3,2024-06-23,58,13.5,0.0,3,39,28.4,0.0,3,2,8.1,0.0,0,0,14.8,0.0,0,34.0,15.420000000000002,0.0
58,15.5,0.4,51,2024-06-24,62,13.7,0.2,51,57,16.8,0.0,3,4,20.2,0.0,1,14,10.5,0.0,3,39.0,15.34,0.12000000000000002
72,24.0,0.1,51,2024-06-25,61,19.0,0.0,3,54,19.8,0.0,3,13,23.9,0.2,51,18,18.2,0.0,3,43.6,20.979999999999997,0.06000000000000001
53,25.3,0.3,51,2024-06-26,62,17.1,0.6,51,51,17.1,0.0,3,16,19.6,0.0,2,4,14.8,0.0,1,37.2,18.78,0.18
24,21.3,0.0,3,2024-06-27,13,11.7,0.0,3,53,23.4,0.3,51,19,16.5,0.4,51,17,14.2,0.0,3,25.2,17.42,0.13999999999999999
2,9.0,0.0,0,2024-06-28,10,9.3,0.0,1,89,22.8,0.3,51,33,16.5,0.0,3,20,24.0,0.0,3,30.8,16.32,0.06
20,10.8,0.1,51,2024-06-29,32,14.0,0.4,51,21,20.7,0.0,3,21,20.0,0.0,3,14,23.6,0.2,51,21.6,17.82,0.13999999999999999
60,18.2,0.5,53,2024-06-30,60,12.8,2.7,53,5,13.8,0.0,1,16,23.1,0.0,3,7,20.4,0.0,1,29.6,17.660000000000004,0.64
68,14.3,0.0,3,2024-07-01,60,16.3,0.0,3,56,13.2,0.0,3,3,23.1,0.0,2,9,13.2,0.0,1,39.2,16.020000000000003,0.0
34,20.3,0.0,3,2024-07-02,26,20.1,0.0,3,32,12.5,0.0,3,70,18.8,0.0,3,7,18.2,0.0,3,33.8,17.98,0.0
55,27.9,0.0,3,2024-07-03,68,22.5,5.5,63,56,13.7,0.0,3,43,17.8,0.0,3,10,16.7,0.0,2,46.4,19.72,1.1
56,19.2,0.0,3,2024-07-04,66,19.2,0.2,51,60,13.0,1.0,53,29,10.4,0.0,3,61,15.2,0.8,53,54.4,15.4,0.4
72,28.6,16.8,65,2024-07-05,83,18.1,15.9,63,29,19.2,0.6,53,46,11.0,0.4,51,71,10.8,3.3,61,60.2,17.54,7.4
49,22.1,0.7,51,2024-07-06,51,20.1,0.6,51,30,15.3,0.2,51,89,18.0,0.0,3,7,22.3,0.0,1,45.2,19.56,0.29999999999999993
28,10.9,0.0,3,2024-07-07,37,15.8,0.0,3,29,23.9,1.4,61,65,24.5,0.0,3,0,23.0,0.0,0,31.8,19.619999999999997,0.27999999999999997
32,12.9,0.0,3,2024-07-08,27,12.6,0.0,3,12,15.6,0.0,2,58,28.5,0.0,3,14,19.7,0.0,3,28.6,17.86,0.0
22,20.9,0.0,3,2024-07-09,69,15.1,1.9,55,1,10.7,0.0,0,64,26.8,0.0,3,45,21.1,0.4,51,40.2,18.919999999999998,0.45999999999999996
18,16.4,0.1,51,2024-07-10,46,10.5,0.0,3,9,18.9,0.0,2,93,27.7,0.0,3,57,28.2,0.0,3,44.6,20.34,0.02
40,9.2,0.0,3,2024-07-11,44,9.4,0.0,3,18,21.6,0.1,51,86,29.7,2.3,61,28,35.3,0.0,3,43.2,21.04,0.48
27,11.0,0.0,3,2024-07-12,32,15.1,0.0,3,19,24.3,0.0,3,58,25.4,0.0,3,27,26.4,0.0,2,32.6,20.440000000000005,0.0
57,11.5,0.1,51,2024-07-13,78,12.7,0.5,51,13,23.1,0.0,3,52,27.9,0.0,3,53,26.6,0.0,3,50.6,20.359999999999996,0.12
59,13.0,0.3,51,2024-07-14,77,9.0,14.8,65,33,16.2,0.0,3,0,26.6,0.0,0,27,26.0,0.0,3,39.2,18.160000000000004,3.0200000000000005
39,14.6,1.2,53,2024-07-15,61,14.0,0.5,51,17,10.4,0.0,3,88,26.2,0.0,3,97,27.8,0.0,3,60.4,18.6,0.33999999999999997
38,15.2,1.3,51,2024-07-16,36,9.7,0.0,3,31,11.8,0.0,3,66,21.7,0.0,3,86,23.0,0.0,3,51.4,16.28,0.26
52,10.2,0.0,3,2024-07-17,47,12.3,0.9,53,12,10.3,0.0,3,12,26.3,0.0,3,23,25.8,0.0,3,29.2,16.979999999999997,0.18
73,12.2,0.9,51,2024-07-18,88,10.5,7.6,63,29,10.5,0.0,3,0,26.1,0.0,0,12,15.7,0.0,1,40.4,15.0,1.7
75,16.8,5.5,55,2024-07-19,64,13.0,0.7,51,61,12.2,0.4,51,57,19.0,0.0,3,14,14.7,0.0,3,54.2,15.14,1.32
39,15.6,1.2,51,2024-07-20,49,13.0,1.1,51,31,19.4,0.0,3,17,20.6,0.2,51,30,15.3,1.1,53,33.2,16.779999999999998,0.72
48,12.2,1.4,53,2024-07-21,69,18.7,3.2,61,25,18.2,0.0,3,8,9.4,0.0,1,17,13.4,0.2,51,33.4,14.379999999999999,0.96
68,21.5,7.9,63,2024-07-22,73,16.3,16.3,63,43,16.6,0.0,3,32,10.0,0.1,51,17,16.7,0.4,51,46.6,16.220000000000002,4.94
42,16.4,0.1,51,2024-07-23,25,12.7,0.0,3,71,19.1,0.0,3,42,20.6,17.6,65,51,14.0,4.4,61,46.2,16.560000000000002,4.42
28,13.3,0.0,3,2024-07-24,16,8.9,0.0,3,98,21.4,1.0,51,27,15.7,1.0,53,10,14.8,0.0,1,35.8,14.819999999999999,0.4
57,12.6,5.7,63,2024-07-25,62,13.0,3.6,61,47,17.6,0.0,3,28,13.1,0.0,3,54,14.7,0.7,51,49.6,14.2,2.0
33,11.0,0.0,3,2024-07-26,19,9.7,0.0,2,15,21.1,0.0,2,50,21.8,0.0,3,83,18.8,1.3,53,40.0,16.479999999999997,0.26
4,15.2,0.0,0,2024-07-27,21,13.1,0.3,51,26,21.4,0.0,3,65,26.6,0.0,3,50,21.6,1.9,55,33.2,19.580000000000002,0.43999999999999995
49,26.1,7.3,63,2024-07-28,69,15.5,3.9,55,15,18.2,0.0,3,17,19.0,0.0,2,9,15.5,0.0,3,31.8,18.86,2.2399999999999998
89,22.1,11.1,63,2024-07-29,80,15.6,6.6,61,55,21.7,0.1,51,3,13.0,0.0,1,1,18.0,0.0,0,45.6,18.080000000000002,3.56
56,19.9,0.7,51,2024-07-30,78,20.5,4.5,61,72,24.8,8.1,63,22,25.0,0.4,51,38,24.3,0.0,3,53.2,22.9,2.74
63,21.1,1.4,53,2024-07-31,85,14.3,7.7,63,34,20.5,0.0,3,15,17.5,0.7,53,33,16.7,1.5,53,46.0,18.020000000000003,2.26
76,19.2,5.4,61,2024-08-01,66,16.9,8.8,63,20,22.4,0.1,51,10,13.4,0.0,1,7,16.5,0.0,3,35.8,17.68,2.8600000000000003
56,18.2,1.0,53,2024-08-02,55,12.7,1.5,53,27,22.7,0.0,3,35,14.8,0.0,3,7,13.6,0.0,1,36.0,16.4,0.5
29,12.9,0.6,51,2024-08-03,46,11.2,1.3,55,18,16.6,0.3,51,8,18.4,0.0,1,4,13.8,0.0,2,21.0,14.580000000000002,0.43999999999999995
37,15.1,1.7,55,2024-08-04,63,11.7,9.7,63,69,16.8,0.0,3,25,13.7,0.0,3,59,17.7,0.4,51,50.6,15.0,2.36
20,12.7,2.1,61,2024-08-05,41,9.1,1.8,61,95,12.5,1.6,53,35,17.6,0.7,53,64,13.6,2.4,51,51.0,13.1,1.72
54,14.6,1.4,55,2024-08-06,54,8.0,1.4,53,76,10.0,19.7,63,37,17.7,3.6,63,64,14.5,0.6,51,57.0,12.959999999999999,5.340000000000001
74,8.4,0.2,51,2024-08-07,71,10.7,0.6,51,57,16.9,6.7,63,31,20.1,2.9,61,40,9.6,0.2,51,54.6,13.14,2.12
80,17.6,2.3,53,2024-08-08,46,10.9,5.4,63,67,11.9,8.4,63,6,12.8,0.0,1,22,17.9,0.0,3,44.2,14.219999999999999,3.22
33,16.3,0.8,51,2024-08-09,40,10.3,2.0,53,44,15.5,3.0,61,10,16.6,0.0,3,11,18.0,0.0,2,27.6,15.34,1.16
48,13.1,0.3,51,2024-08-10,65,13.0,4.3,63,41,21.4,0.0,3,1,17.7,0.0,0,7,17.0,0.0,1,32.4,16.44,0.9199999999999999
66,22.6,7.7,63,2024-08-11,57,16.8,9.1,63,58,18.7,4.1,63,7,15.4,0.2,51,11,16.7,0.0,3,39.8,18.040000000000003,4.22
69,24.8,0.1,51,2024-08-12,60,20.1,0.7,53,21,28.0,0.0,3,1,23.7,0.0,0,7,20.5,0.0,1,31.6,23.42,0.15999999999999998
58,19.1,0.8,51,2024-08-13,75,16.9,2.4,53,48,30.8,1.7,61,34,21.8,0.0,3,30,25.2,1.4,53,49.0,22.759999999999998,1.2600000000000002
29,23.9,0.1,51,2024-08-14,21,19.7,0.0,2,49,23.2,0.9,51,15,19.0,0.2,51,3,13.9,0.0,2,23.4,19.94,0.24
7,19.4,0.0,2,2024-08-15,6,18.1,0.0,1,24,21.2,0.2,51,0,16.0,0.0,0,0,14.3,0.0,0,7.4,17.8,0.04
37,19.2,0.0,3,2024-08-16,62,13.6,0.8,51,30,24.0,0.0,3,2,15.8,0.0,1,0,16.8,0.0,0,26.2,17.88,0.16
78,23.0,1.8,61,2024-08-17,70,18.8,2.8,63,74,17.7,0.1,51,5,14.9,0.0,1,7,16.1,0.0,2,46.8,18.1,0.9399999999999998
49,17.8,0.4,51,2024-08-18,31,14.8,0.3,51,10,20.8,0.0,1,0,15.9,0.0,0,2,19.6,0.0,1,18.4,17.78,0.13999999999999999
25,10.8,0.0,3,2024-08-19,53,9.5,5.5,61,37,11.2,8.4,63,0,16.6,0.0,0,0,20.4,0.0,0,23.0,13.7,2.7800000000000002
68,17.3,4.9,61,2024-08-20,60,12.6,4.7,61,19,14.4,0.1,51,1,17.6,0.0,0,2,17.7,0.0,1,30.0,15.919999999999998,1.9400000000000002
8,12.8,0.0,2,2024-08-21,24,13.0,0.0,3,50,14.8,2.3,61,18,10.1,0.0,3,38,18.1,0.0,3,27.6,13.760000000000002,0.45999999999999996
33,20.9,0.0,3,2024-08-22,71,19.9,0.0,3,67,12.3,0.0,3,62,16.4,0.0,3,47,17.3,1.5,55,56.0,17.36,0.3
72,17.8,16.5,65,2024-08-23,58,16.6,9.4,63,22,10.0,0.0,3,26,11.5,0.3,51,13,17.4,0.1,51,38.2,14.660000000000002,5.26
63,14.4,0.0,3,2024-08-24,67,20.3,0.1,51,35,10.7,0.0,3,52,22.7,0.0,3,1,14.6,0.0,0,43.6,16.54,0.02
18,10.0,0.0,3,2024-08-25,10,12.1,0.0,2,35,15.7,1.3,55,82,31.8,0.0,3,0,28.3,0.0,0,29.0,19.58,0.26
3,9.7,0.0,1,2024-08-26,5,10.0,0.0,1,22,18.4,0.0,3,54,32.4,2.7,53,0,35.6,0.0,0,16.8,21.22,0.54
3,9.8,0.0,0,2024-08-27,19,11.4,0.0,3,5,16.4,0.0,1,78,20.6,15.2,63,59,27.8,0.0,3,32.8,17.2,3.04
30,14.5,0.0,3,2024-08-28,34,13.3,0.2,51,1,10.5,0.0,0,51,21.0,0.0,3,46,13.7,2.4,61,32.4,14.6,0.52
14,10.4,0.0,3,2024-08-29,30,8.0,0.0,3,94,10.8,0.0,3,35,19.7,0.1,51,48,21.9,1.3,53,44.2,14.16,0.28
0,11.2,0.0,0,2024-08-30,4,10.5,0.0,1,15,18.1,0.0,3,94,20.7,3.4,61,70,21.0,14.8,65,36.6,16.3,3.6399999999999997
16,12.7,0.0,3,2024-08-31,29,12.4,0.0,3,0,16.3,0.0,0,67,23.4,2.9,61,37,20.7,4.9,63,29.8,17.1,1.56
80,16.6,0.0,3,2024-09-01,100,12.3,0.0,3,0,16.0,0.0,0,15,32.4,0.0,2,29,13.3,0.0,3,44.8,18.12,0.0
0,16.7,0.0,0,2024-09-02,24,13.2,0.0,3,80,17.9,0.0,3,74,17.4,3.2,61,40,17.6,0.1,51,43.6,16.559999999999995,0.66
0,10.8,0.0,0,2024-09-03,0,9.8,0.0,0,67,14.3,0.0,3,48,13.9,10.0,63,40,12.9,2.7,61,31.0,12.34,2.54
24,18.9,0.0,3,2024-09-04,31,15.8,0.0,3,35,22.5,0.0,3,62,18.0,7.9,63,13,10.1,0.5,51,33.0,17.06,1.6800000000000002
0,16.6,0.0,0,2024-09-05,1,13.0,0.0,0,0,22.4,0.0,0,53,29.5,0.0,3,14,12.7,0.8,51,13.6,18.84,0.16
0,8.7,0.0,0,2024-09-06,9,9.2,0.0,3,10,12.1,0.0,3,52,34.5,0.1,51,27,29.2,0.0,3,19.6,18.740000000000002,0.02
17,7.3,0.0,3,2024-09-07,8,6.3,0.0,3,1,10.2,0.0,1,36,28.9,0.2,51,31,30.6,0.0,3,18.6,16.66,0.04
0,9.2,0.0,0,2024-09-08,4,9.8,0.0,3,1,11.1,0.0,0,59,27.8,0.0,3,89,26.9,0.0,3,30.6,16.96,0.0
50,14.1,0.0,3,2024-09-09,23,11.6,0.0,3,90,12.7,0.0,3,58,17.7,0.5,51,38,10.7,1.1,53,51.8,13.36,0.32
48,20.8,0.1,51,2024-09-10,20,16.6,0.0,3,84,22.4,0.0,3,53,9.4,0.0,3,69,12.4,0.0,3,54.8,16.32,0.02
36,20.5,0.0,3,2024-09-11,59,16.9,0.0,3,58,22.1,0.0,3,37,15.9,0.0,3,49,18.6,0.0,3,47.8,18.8,0.0
89,23.0,0.0,3,2024-09-12,96,18.3,0.3,51,64,21.7,0.0,3,6,13.0,0.1,51,59,14.2,1.1,51,62.8,18.04,0.3
59,26.8,0.0,3,2024-09-13,79,22.0,0.0,3,36,21.2,0.0,3,43,19.0,5.5,63,19,15.2,0.0,3,47.2,20.84,1.1
54,19.4,0.0,3,2024-09-14,72,16.8,0.0,3,0,16.0,0.0,0,4,31.5,0.0,2,27,9.7,0.0,3,31.4,18.68,0.0
44,16.3,0.0,3,2024-09-15,37,15.3,0.0,3,3,18.2,0.0,1,18,36.6,0.0,3,73,21.3,0.0,3,35.0,21.54,0.0
6,14.6,0.0,1,2024-09-16,9,11.0,0.0,1,16,20.9,0.0,2,82,36.6,0.0,3,100,16.9,5.2,63,42.6,20.0,1.04
7,10.8,0.0,3,2024-09-17,16,9.6,0.0,2,13,23.6,0.0,3,96,29.8,25.6,63,67,24.4,0.0,3,39.8,19.639999999999997,5.12
0,10.9,0.0,0,2024-09-18,11,10.5,0.0,3,2,15.0,0.0,1,79,26.3,0.0,3,52,18.8,0.1,51,28.8,16.3,0.02
78,19.1,0.0,3,2024-09-19,89,15.5,0.0,3,19,9.9,0.0,3,45,26.9,0.0,3,36,27.5,0.0,3,53.4,19.78,0.0
53,13.9,0.0,3,2024-09-20,28,13.5,0.0,3,54,16.3,0.0,3,85,24.8,0.0,3,6,29.3,0.0,1,45.2,19.56,0.0
67,20.9,0.0,3,2024-09-21,59,20.1,0.0,3,39,17.7,0.0,3,38,26.5,0.0,3,7,24.3,0.0,3,42.0,21.9,0.0
2,13.8,0.0,0,2024-09-22,13,12.6,0.0,3,2,17.5,0.0,0,28,18.9,0.0,3,35,28.1,0.0,3,16.0,18.18,0.0
17,9.6,0.0,3,2024-09-23,40,8.7,0.0,3,35,11.5,0.0,3,83,21.8,1.1,53,85,26.3,0.0,3,52.0,15.579999999999998,0.22000000000000003
61,17.0,0.0,3,2024-09-24,75,14.8,0.0,3,58,13.6,0.0,3,47,18.7,0.0,3,19,21.8,0.0,3,52.0,17.18,0.0
32,20.2,0.0,3,2024-09-25,25,21.0,0.0,3,2,11.2,0.0,1,8,18.7,0.0,2,16,14.5,0.0,3,16.6,17.12,0.0
97,24.0,0.0,3,2024-09-26,90,25.6,0.0,3,1,11.4,0.0,1,47,22.2,0.0,3,66,9.5,0.0,3,60.2,18.54,0.0
90,35.3,4.4,61,2024-09-27,100,30.9,17.3,63,10,18.8,0.0,3,26,11.7,0.0,3,8,16.4,0.0,3,46.8,22.619999999999997,4.340000000000001
92,32.6,4.0,61,2024-09-28,94,28.5,4.8,61,33,24.0,0.0,3,0,20.3,0.0,0,0,15.6,0.0,0,43.8,24.199999999999996,1.7600000000000002
99,23.0,4.9,63,2024-09-29,100,13.0,3.9,55,30,19.2,0.0,3,1,21.2,0.0,0,9,16.2,0.0,3,47.8,18.520000000000003,1.7600000000000002
100,23.3,0.0,3,2024-09-30,100,16.9,0.2,51,12,19.9,0.0,3,5,13.4,0.0,3,44,16.9,0.2,51,52.2,18.080000000000002,0.08
18,23.1,0.0,3,2024-10-01,65,21.9,0.0,3,5,21.3,0.0,2,77,17.8,8.4,61,83,11.4,6.4,61,49.6,19.1,2.96
45,16.2,0.0,3,2024-10-02,60,15.1,0.0,3,12,19.9,0.0,2,100,16.2,5.8,55,43,11.2,0.3,51,52.0,15.719999999999999,1.22
38,13.4,0.0,3,2024-10-03,85,13.4,0.0,3,34,12.7,0.0,3,23,12.7,0.0,3,30,12.3,0.3,51,42.0,12.9,0.06
100,16.2,9.5,61,2024-10-04,92,14.8,5.4,61,33,9.9,0.0,3,15,10.7,0.0,3,58,15.8,0.0,3,59.6,13.479999999999999,2.98
99,11.8,0.2,51,2024-10-05,69,13.8,0.2,51,96,11.4,0.0,3,0,10.7,0.0,0,12,15.1,0.0,3,55.2,12.56,0.08
90,19.7,8.7,61,2024-10-06,83,13.5,1.4,53,74,11.1,0.0,3,4,11.4,0.0,1,49,15.7,0.0,3,60.0,14.280000000000001,2.02
100,20.9,11.6,63,2024-10-07,100,15.3,9.8,63,58,22.2,0.0,3,26,19.7,0.0,3,69,27.9,4.2,61,70.6,21.2,5.119999999999999
100,19.4,9.8,61,2024-10-08,100,20.9,18.0,61,50,19.0,0.0,3,14,15.9,0.1,51,54,21.6,0.6,51,63.6,19.360000000000003,5.700000000000001
100,14.4,1.3,53,2024-10-09,100,14.9,0.3,51,70,17.4,0.8,53,36,15.1,0.0,3,43,12.8,0.0,3,69.8,14.920000000000002,0.4800000000000001
100,18.7,0.0,3,2024-10-10,100,21.4,0.0,3,53,17.7,0.0,3,83,8.8,0.0,3,73,16.3,2.1,55,81.8,16.58,0.42000000000000004
21,22.8,0.0,3,2024-10-11,57,22.4,0.0,3,65,14.2,0.0,3,30,11.2,3.1,61,33,12.1,0.0,3,41.2,16.54,0.62
79,26.2,0.1,51,2024-10-12,100,20.9,17.7,63,38,17.5,0.0,3,57,20.0,0.0,3,94,14.2,0.0,3,73.6,19.759999999999998,3.56
100,25.5,0.0,3,2024-10-13,100,20.0,16.9,61,1,16.8,0.0,1,85,17.2,11.9,63,96,22.1,4.3,53,76.4,20.32,6.619999999999999
100,26.7,11.7,75,2024-10-14,100,22.9,12.2,73,0,17.3,0.0,0,84,11.4,0.3,51,73,22.5,0.0,3,71.4,20.16,4.84
97,15.9,3.8,73,2024-10-15,99,18.7,1.0,51,79,16.5,0.3,51,70,18.1,0.7,51,43,12.3,0.0,3,77.6,16.3,1.16
92,20.4,3.5,53,2024-10-16,71,16.7,0.3,51,100,14.3,4.2,53,49,13.4,0.3,51,77,24.4,14.1,63,77.8,17.839999999999996,4.4799999999999995
14,11.7,0.0,3,2024-10-17,83,8.8,0.6,51,100,13.4,2.3,51,92,19.2,0.1,51,43,23.4,0.6,51,66.4,15.3,0.72
11,10.5,0.0,2,2024-10-18,66,8.4,0.0,3,100,21.8,8.9,61,96,18.7,0.0,3,73,21.4,1.3,53,69.2,16.160000000000004,2.04
72,10.6,0.0,3,2024-10-19,55,9.4,0.0,3,100,24.9,12.6,61,62,13.4,0.0,3,81,18.4,2.5,53,74.0,15.339999999999998,3.02
47,15.0,0.0,3,2024-10-20,36,10.2,0.0,3,100,18.6,3.9,61,80,14.3,0.0,3,76,16.0,0.0,3,67.8,14.819999999999999,0.78
47,13.9,0.0,3,2024-10-21,48,18.3,0.0,3,78,19.7,0.0,3,98,13.5,1.7,53,23,14.8,0.0,3,58.8,16.04,0.33999999999999997
77,18.9,0.0,3,2024-10-22,78,20.1,0.0,3,97,18.7,0.0,3,28,13.2,0.0,3,8,10.2,0.0,2,57.6,16.220000000000002,0.0
67,28.5,4.3,53,2024-10-23,64,26.5,3.6,61,83,23.5,2.6,61,26,10.8,0.0,3,10,11.8,0.0,1,50.0,20.22,2.1
75,26.5,4.3,61,2024-10-24,72,25.2,4.6,63,48,28.9,0.0,3,29,18.4,0.2,51,59,13.7,0.1,51,56.6,22.54,1.8399999999999994
78,19.7,0.4,51,2024-10-25,66,15.2,0.0,3,84,18.9,3.1,53,88,18.9,0.6,51,64,13.2,0.0,3,76.0,17.18,0.82
44,13.3,0.0,3,2024-10-26,80,17.5,0.2,51,70,16.8,0.0,3,30,12.5,1.8,53,74,11.9,0.0,3,59.6,14.4,0.4
83,11.2,0.0,3,2024-10-27,76,7.5,0.1,51,55,19.2,0.0,3,9,9.9,0.0,3,81,9.5,0.7,51,60.8,11.459999999999999,0.15999999999999998
88,12.7,2.0,53,2024-10-28,94,14.6,1.4,53,55,8.7,0.2,51,54,10.4,0.0,3,45,14.1,0.0,3,67.2,12.1,0.72
72,22.8,0.7,51,2024-10-29,56,21.7,1.6,55,97,16.5,1.8,53,80,15.5,0.0,3,73,13.8,0.6,51,75.6,18.06,0.9399999999999998
95,30.9,5.6,61,2024-10-30,94,25.7,7.9,61,57,21.5,0.9,53,60,9.2,1.2,53,56,17.7,0.0,3,72.4,21.0,3.12
58,31.7,1.2,53,2024-10-31,58,27.3,0.2,71,67,23.4,4.8,61,66,20.8,0.5,51,81,16.4,0.1,51,66.0,23.919999999999998,1.3599999999999999
97,37.3,14.9,73,2024-11-01,100,16.2,15.0,61,84,28.2,4.8,53,90,26.1,4.8,61,90,23.7,0.4,51,92.2,26.3,7.979999999999999
66,28.7,8.2,73,2024-11-02,58,20.5,3.2,73,66,38.2,1.1,51,56,38.0,1.9,61,55,27.5,0.5,51,60.2,30.580000000000002,2.9799999999999995
100,26.8,0.2,71,2024-11-03,95,24.9,1.2,73,35,18.8,0.3,71,55,26.8,8.9,63,41,24.0,0.0,3,65.2,24.259999999999998,2.12
99,28.1,7.1,73,2024-11-04,92,23.2,2.9,73,95,23.7,7.3,75,60,40.0,10.9,63,71,39.8,0.6,51,83.4,30.96,5.760000000000001
99,21.8,0.4,71,2024-11-05,100,19.4,0.0,3,95,30.6,4.0,75,47,21.0,0.0,3,12,19.1,0.0,2,70.6,22.380000000000003,0.8800000000000001
93,19.3,3.1,73,2024-11-06,92,20.3,0.8,71,54,19.1,0.0,3,76,16.6,0.0,3,24,15.3,0.0,3,67.8,18.12,0.78
100,19.4,0.0,3,2024-11-07,100,17.4,0.1,51,85,17.2,0.0,3,27,18.4,0.0,3,11,11.6,0.0,2,64.6,16.8,0.02
99,19.9,0.2,51,2024-11-08,93,21.0,0.2,51,100,11.9,1.7,53,24,14.9,0.0,3,25,8.5,0.0,3,68.2,15.24,0.42000000000000004
52,25.8,0.0,3,2024-11-09,82,23.8,0.0,3,63,23.3,0.0,3,37,11.9,0.0,3,53,17.3,0.0,3,57.4,20.42,0.0
99,17.6,0.0,3,2024-11-10,100,15.0,0.0,3,76,20.0,0.0,3,26,12.8,0.0,3,84,27.4,0.0,3,77.0,18.560000000000002,0.0
99,12.0,0.0,3,2024-11-11,99,9.4,0.0,3,89,10.3,0.0,3,67,15.0,0.0,3,100,23.4,0.0,3,90.8,14.02,0.0
99,15.9,0.0,3,2024-11-12,100,13.2,0.0,3,87,7.6,0.0,3,75,19.3,0.0,3,78,19.4,0.0,3,87.8,15.080000000000002,0.0
100,11.0,0.0,3,2024-11-13,100,12.3,0.0,3,98,17.1,0.0,3,63,10.1,0.0,3,100,13.9,1.0,51,92.2,12.88,0.2
100,10.8,0.1,71,2024-11-14,100,14.9,0.0,3,99,12.1,0.0,3,99,10.4,0.0,3,81,13.2,1.8,53,95.8,12.280000000000001,0.38
100,12.2,3.0,73,2024-11-15,97,15.4,0.9,71,100,17.8,1.8,71,99,10.4,1.0,51,100,13.1,4.7,53,99.2,13.780000000000001,2.2800000000000002
100,16.6,0.7,73,2024-11-16,100,20.7,1.1,71,86,10.8,0.4,71,94,11.9,1.5,53,71,7.3,0.0,3,90.2,13.459999999999999,0.74
100,16.7,0.9,51,2024-11-17,100,21.8,0.0,3,96,11.8,0.0,3,24,9.9,0.0,3,30,8.2,0.0,3,70.0,13.679999999999998,0.18
93,16.8,0.6,51,2024-11-18,92,24.2,1.4,51,69,15.5,0.0,3,39,9.2,0.1,51,64,10.4,0.4,51,71.4,15.220000000000002,0.5
82,14.9,0.7,51,2024-11-19,86,18.8,1.8,73,80,17.4,0.0,3,59,7.3,0.0,3,63,12.4,1.8,53,74.0,14.16,0.86
94,22.3,2.1,73,2024-11-20,100,25.5,4.5,73,74,12.9,0.2,51,79,9.6,0.0,3,80,23.9,0.0,3,85.4,18.839999999999996,1.3599999999999999
100,32.9,15.5,61,2024-11-21,100,27.5,34.4,75,99,26.4,0.3,51,62,33.7,0.0,3,90,35.8,12.5,63,90.2,31.26,12.54
91,19.6,1.0,71,2024-11-22,96,22.1,1.8,73,91,32.4,5.1,61,85,28.0,9.0,63,74,28.5,0.2,51,87.4,26.119999999999997,3.4199999999999995
100,18.8,14.2,75,2024-11-23,100,18.8,11.6,73,100,25.5,0.1,51,70,28.1,1.7,61,90,33.1,12.5,61,92.0,24.860000000000003,8.02
88,14.5,0.7,73,2024-11-24,67,13.4,0.0,3,100,21.9,0.0,3,100,22.9,25.4,73,79,21.4,0.8,71,86.8,18.82,5.38
91,10.8,0.0,3,2024-11-25,94,20.1,0.2,51,89,12.0,0.0,3,100,14.4,8.3,73,92,24.2,0.0,3,93.2,16.3,1.7
56,12.0,0.0,3,2024-11-26,70,19.1,0.0,3,23,9.4,0.0,3,100,14.6,3.8,73,93,15.9,0.0,3,68.4,14.2,0.76
83,7.8,0.0,3,2024-11-27,67,16.2,0.0,3,96,9.7,0.3,51,100,11.1,0.0,3,74,9.0,0.0,3,84.0,10.760000000000002,0.06
100,5.8,1.2,73,2024-11-28,100,8.1,2.8,73,97,7.7,0.0,3,99,12.6,0.0,3,97,9.3,0.0,3,98.6,8.7,0.8
95,8.9,0.4,51,2024-11-29,99,11.0,0.2,51,100,16.5,0.0,3,47,13.1,0.0,3,71,11.8,0.0,3,82.4,12.26,0.12000000000000002
100,13.0,0.0,3,2024-11-30,100,15.6,0.0,3,86,12.0,0.0,3,83,10.2,0.0,3,68,19.5,0.0,3,87.4,14.059999999999999,0.0
100,13.1,0.2,71,2024-12-01,99,17.0,0.0,3,99,10.2,0.0,3,100,13.4,0.0,3,100,21.5,0.0,3,99.6,15.039999999999997,0.04
97,14.1,0.0,3,2024-12-02,99,15.2,0.0,3,100,12.0,0.2,71,79,12.3,0.0,3,86,18.7,0.0,3,92.2,14.459999999999999,0.04
100,12.9,0.0,3,2024-12-03,100,16.6,0.0,3,100,10.2,0.4,71,33,8.9,0.0,3,63,14.0,0.0,3,79.2,12.52,0.08
99,12.6,0.4,71,2024-12-04,84,17.0,0.6,71,100,10.4,0.0,3,27,10.1,0.0,3,79,16.8,0.0,3,77.8,13.38,0.2
100,11.1,0.0,3,2024-12-05,85,14.0,0.0,3,96,14.8,0.0,3,92,15.7,2.7,53,100,15.8,4.6,53,94.6,14.280000000000001,1.46
100,16.2,0.0,3,2024-12-06,100,16.3,0.3,71,96,13.0,0.0,3,81,10.1,0.0,3,89,14.9,0.0,3,93.2,14.1,0.06
100,15.8,7.7,73,2024-12-07,100,18.2,7.0,73,63,15.2,0.0,3,31,17.1,0.0,3,99,13.5,0.0,3,78.6,15.960000000000003,2.94
100,13.0,9.1,73,2024-12-08,100,11.7,7.8,73,97,14.4,0.0,3,89,15.1,0.2,51,79,17.3,0.1,51,93.0,14.3,3.44
100,7.3,1.8,73,2024-12-09,95,11.2,0.4,71,58,10.8,0.0,3,39,15.2,0.0,3,51,23.2,3.0,55,68.6,13.540000000000001,1.04
100,9.7,0.0,3,2024-12-10,99,13.5,0.0,3,97,12.1,0.0,3,65,10.7,0.0,3,67,21.6,2.4,55,85.6,13.52,0.48
100,12.0,0.0,3,2024-12-11,98,17.0,0.0,3,93,11.4,0.0,3,99,19.4,7.2,61,100,23.2,1.0,51,98.0,16.6,1.64
98,16.0,0.8,71,2024-12-12,99,19.8,0.8,71,92,23.9,8.8,75,99,19.8,1.9,53,100,23.2,4.4,71,97.6,20.54,3.3400000000000007
90,20.6,0.3,71,2024-12-13,77,23.3,0.4,71,98,21.7,0.5,71,85,29.0,0.9,73,47,31.4,0.5,73,79.4,25.2,0.52
94,13.7,2.7,73,2024-12-14,100,16.4,5.7,73,96,23.4,0.8,73,65,14.1,0.2,71,20,12.1,0.0,3,75.0,15.939999999999998,1.8800000000000001
100,15.6,3.7,73,2024-12-15,100,18.2,3.3,73,100,25.9,2.9,73,88,31.6,10.8,63,97,25.5,5.5,55,97.0,23.36,5.24
100,22.2,4.0,73,2024-12-16,100,25.3,4.5,73,91,23.8,3.2,73,91,29.0,24.6,63,86,33.2,1.7,55,93.6,26.7,7.6
87,19.7,3.7,75,2024-12-17,87,21.3,2.0,73,84,28.8,1.7,73,100,32.2,12.5,61,95,30.5,3.4,61,90.6,26.5,4.659999999999999
98,18.3,0.2,71,2024-12-18,95,21.0,0.0,3,91,25.9,1.8,73,72,26.2,1.9,55,52,28.2,0.5,51,81.6,23.919999999999998,0.8800000000000001
100,16.1,2.1,73,2024-12-19,89,19.1,3.0,73,77,23.1,0.0,3,49,13.2,0.0,3,36,13.3,0.0,3,70.2,16.96,1.02
100,15.8,0.9,51,2024-12-20,100,18.9,6.5,55,94,13.9,0.5,71,0,10.0,0.0,0,43,16.5,0.0,3,67.4,15.02,1.58
73,17.3,1.0,71,2024-12-21,64,22.4,0.2,71,66,22.3,0.0,3,63,11.4,0.0,3,90,16.0,0.2,51,71.2,17.880000000000003,0.27999999999999997
75,11.8,0.0,3,2024-12-22,91,19.4,0.0,3,100,16.7,1.6,71,91,23.0,0.5,51,100,13.0,6.4,55,91.4,16.78,1.7
100,9.2,0.0,3,2024-12-23,100,15.1,0.0,3,100,11.4,0.4,71,78,18.2,0.4,51,87,15.5,3.3,55,93.0,13.879999999999999,0.82
100,5.9,0.9,71,2024-12-24,100,7.3,0.0,3,100,9.2,3.3,73,33,14.0,0.4,51,70,14.8,0.0,3,80.6,10.24,0.9200000000000002
100,9.5,2.8,73,2024-12-25,100,12.2,1.6,73,100,6.5,0.9,73,83,16.0,0.0,3,80,23.1,3.1,53,92.6,13.460000000000003,1.6800000000000002
100,12.1,0.0,3,2024-12-26,100,13.8,0.1,71,99,9.8,0.3,71,96,16.5,0.9,51,100,33.0,11.1,73,99.0,17.04,2.48
100,11.9,0.0,3,2024-12-27,100,13.5,0.3,51,100,6.0,0.0,3,90,17.9,0.2,51,100,25.8,1.5,73,98.0,15.02,0.4
100,7.3,0.0,3,2024-12-28,100,8.2,0.0,3,100,10.0,1.5,73,100,15.1,0.0,3,100,22.7,0.0,3,100.0,12.66,0.3
100,11.9,0.0,3,2024-12-29,100,16.8,0.2,71,100,12.2,0.0,3,100,7.8,0.5,51,100,13.9,0.0,3,100.0,12.52,0.13999999999999999
100,22.8,0.3,51,2024-12-30,90,27.4,0.9,53,100,14.4,0.0,3,100,6.4,0.6,73,88,8.3,0.0,3,95.6,15.860000000000003,0.36
91,15.9,5.1,75,2024-12-31,86,19.6,0.6,71,100,21.3,0.9,73,84,17.7,0.0,3,71,19.5,0.0,3,86.4,18.8,1.3199999999999998
95,19.8,3.9,73,2025-01-01,89,25.3,4.0,73,89,21.5,0.8,73,66,19.1,0.3,51,39,19.1,0.0,3,75.6,20.959999999999997,1.8000000000000003
100,26.8,2.0,71,2025-01-02,100,30.7,5.7,73,71,23.0,2.0,73,25,23.4,0.0,2,0,22.1,0.0,0,59.2,25.2,1.94
75,19.6,3.5,73,2025-01-03,92,15.6,0.8,73,42,20.6,0.0,3,20,23.6,0.0,3,80,29.0,0.4,51,61.8,21.68,0.9400000000000001
99,9.4,0.8,71,2025-01-04,96,14.5,1.2,71,100,23.1,3.3,73,99,25.6,12.7,63,70,21.6,6.8,73,92.8,18.839999999999996,4.96
94,17.0,0.5,71,2025-01-05,89,19.1,0.0,3,87,22.0,0.1,71,55,9.4,0.0,3,53,10.6,0.0,3,75.6,15.62,0.12
96,13.8,0.0,3,2025-01-06,95,18.8,0.0,3,47,9.5,0.0,3,39,10.3,0.0,3,73,17.7,0.0,3,70.0,14.020000000000001,0.0
100,14.3,6.1,73,2025-01-07,100,14.4,2.4,73,92,25.4,9.2,75,38,13.7,0.0,3,73,24.2,0.0,3,80.6,18.4,3.54
100,18.6,1.0,51,2025-01-08,100,24.2,1.2,51,100,25.9,0.6,51,55,14.8,0.0,3,97,26.0,0.0,3,90.4,21.9,0.56
100,14.5,0.0,3,2025-01-09,92,19.4,0.0,3,100,28.4,1.9,53,8,17.8,0.0,1,15,20.9,0.0,2,63.0,20.2,0.38
100,14.2,2.4,71,2025-01-10,100,15.4,4.3,73,100,10.9,0.0,3,0,9.9,0.0,0,46,16.0,0.0,3,69.2,13.280000000000001,1.3399999999999999
100,15.7,5.0,53,2025-01-11,99,16.9,3.6,53,99,15.5,0.2,51,56,12.5,0.0,3,90,18.8,4.7,71,88.8,15.879999999999999,2.7
86,13.2,0.0,3,2025-01-12,91,15.7,0.0,3,100,11.9,0.5,71,98,9.2,0.9,53,100,18.3,7.6,75,95.0,13.66,1.8
96,11.1,0.8,73,2025-01-13,93,14.8,0.7,73,99,15.6,0.8,71,100,14.8,18.3,75,96,15.2,4.1,75,96.8,14.3,4.94
100,17.7,2.0,73,2025-01-14,100,19.6,2.8,73,68,17.3,0.1,71,71,10.8,0.0,3,85,12.5,0.0,3,84.8,15.579999999999998,0.9799999999999999
100,14.1,0.3,71,2025-01-15,99,16.1,1.1,71,100,16.8,0.3,71,98,5.7,0.0,3,42,6.9,0.0,3,87.8,11.92,0.34
97,16.8,3.8,75,2025-01-16,100,18.4,3.9,75,97,19.8,0.0,3,69,10.1,0.0,3,35,7.3,0.0,3,79.6,14.479999999999999,1.5399999999999998
100,18.5,0.0,3,2025-01-17,93,21.7,0.0,3,100,15.0,2.4,73,100,19.3,0.4,51,100,20.2,0.2,51,98.6,18.94,0.6
100,18.4,1.8,71,2025-01-18,91,22.6,0.4,51,100,14.1,0.1,71,100,16.1,1.0,51,100,13.9,0.1,51,98.2,17.020000000000003,0.68
57,18.0,0.0,3,2025-01-19,30,20.8,0.0,3,99,11.8,0.1,51,90,20.5,1.6,51,98,19.0,0.8,73,74.8,18.02,0.5
96,17.0,0.0,3,2025-01-20,97,20.7,0.1,71,97,23.0,0.2,71,36,15.7,0.0,3,16,13.4,0.0,3,68.4,17.96,0.06000000000000001
80,11.2,0.0,3,2025-01-21,77,15.2,0.0,3,16,23.6,0.0,3,56,12.6,0.0,3,35,13.2,0.0,3,52.8,15.16,0.0
100,16.0,0.9,71,2025-01-22,100,22.5,6.7,73,48,16.4,0.0,3,93,16.8,0.0,3,100,11.4,0.2,51,88.2,16.62,1.56
100,15.9,0.0,3,2025-01-23,100,17.3,3.8,73,100,16.6,0.0,3,100,11.5,0.1,51,95,16.0,3.4,53,99.0,15.460000000000003,1.46
100,9.1,0.0,3,2025-01-24,100,12.8,0.0,3,88,13.2,0.0,3,85,17.3,0.6,51,48,13.1,2.8,61,84.2,13.099999999999998,0.6799999999999999
100,11.9,0.0,3,2025-01-25,100,16.6,0.0,3,98,4.8,0.3,71,37,12.1,2.8,61,66,12.9,0.3,51,80.2,11.66,0.6799999999999999
100,13.8,0.9,73,2025-01-26,100,18.0,1.7,73,100,11.4,0.0,3,46,11.3,0.0,3,34,11.7,0.0,2,76.0,13.24,0.52
100,16.0,2.4,53,2025-01-27,100,18.9,2.3,53,100,14.9,0.0,3,39,9.4,0.0,3,33,15.9,0.0,3,74.4,15.02,0.9399999999999998
95,12.7,0.1,51,2025-01-28,96,16.6,0.4,51,100,12.7,0.0,3,13,9.9,0.0,3,16,15.4,0.0,3,64.0,13.459999999999999,0.1
100,11.5,0.1,51,2025-01-29,100,14.5,0.3,51,100,10.7,0.0,3,10,10.8,0.0,1,30,25.9,0.0,3,68.0,14.680000000000001,0.08
97,13.5,0.1,51,2025-01-30,94,17.6,0.3,51,94,13.2,0.0,3,3,9.7,0.0,1,60,20.6,0.0,3,69.6,14.919999999999998,0.08
80,12.2,0.0,3,2025-01-31,89,16.9,0.0,3,68,8.0,0.3,51,36,11.2,0.0,3,96,7.7,0.0,3,73.8,11.2,0.06
100,15.0,1.4,51,2025-02-01,96,21.2,2.7,53,96,11.4,0.0,3,95,9.6,0.0,3,91,12.1,0.0,3,95.6,13.86,0.82
93,14.2,0.4,71,2025-02-02,99,15.8,1.4,71,100,16.6,2.3,71,96,10.0,4.6,55,74,16.7,1.4,51,92.4,14.66,2.02
95,9.3,0.1,71,2025-02-03,96,11.1,0.4,71,100,11.4,0.1,71,100,12.2,3.4,53,98,21.5,11.7,75,97.8,13.1,3.1399999999999997
42,6.5,0.0,3,2025-02-04,95,8.6,0.2,71,100,22.7,6.4,73,60,21.7,6.5,71,88,18.5,0.2,71,77.0,15.6,2.66
93,16.0,0.0,3,2025-02-05,75,12.1,0.0,3,87,19.0,4.5,73,42,16.7,0.0,3,39,12.2,0.0,3,67.2,15.2,0.9
93,7.8,0.0,3,2025-02-06,96,8.8,0.0,3,90,15.4,0.0,3,99,25.9,0.2,71,69,27.1,4.0,73,89.4,17.0,0.8400000000000001
84,12.6,0.0,3,2025-02-07,100,14.8,0.0,3,100,15.7,0.0,3,87,26.0,0.0,3,100,26.7,2.2,71,94.2,19.16,0.44000000000000006
99,7.5,0.0,3,2025-02-08,100,7.5,0.0,3,99,15.9,0.0,3,16,24.0,0.0,2,100,33.2,0.0,3,82.8,17.619999999999997,0.0
100,3.6,0.0,3,2025-02-09,100,6.0,0.0,3,100,15.6,0.0,3,1,21.7,0.0,0,100,31.6,0.0,3,80.2,15.7,0.0
100,6.7,0.0,3,2025-02-10,100,9.9,0.0,3,100,10.5,0.0,3,28,14.4,0.0,3,100,18.9,0.9,71,85.6,12.08,0.18
100,6.6,0.0,3,2025-02-11,100,9.0,0.0,3,100,15.0,0.0,3,1,13.8,0.0,0,95,23.9,0.0,3,79.2,13.660000000000002,0.0
100,10.4,0.0,3,2025-02-12,100,10.1,0.0,3,100,11.4,0.0,3,0,13.7,0.0,0,96,22.0,0.0,3,79.2,13.52,0.0
100,8.6,0.0,3,2025-02-13,100,7.4,0.0,3,100,9.2,0.0,3,30,9.8,0.0,3,92,11.8,0.0,3,84.4,9.36,0.0
94,9.9,0.2,71,2025-02-14,98,13.1,0.7,71,100,11.9,0.0,3,63,12.4,0.0,3,8,13.9,0.0,1,72.6,12.239999999999998,0.18
92,11.9,0.2,71,2025-02-15,98,13.8,0.6,71,100,24.8,7.9,75,74,28.0,4.2,75,87,25.7,2.8,71,90.2,20.84,3.1400000000000006
96,13.0,0.5,71,2025-02-16,97,13.8,0.4,71,86,24.1,0.1,71,100,11.6,5.0,75,100,14.6,0.0,3,95.8,15.420000000000002,1.2
70,14.7,0.0,3,2025-02-17,88,16.2,0.0,3,59,16.0,0.0,3,100,16.0,0.6,71,92,21.1,0.0,3,81.8,16.8,0.12
81,8.2,0.3,71,2025-02-18,84,12.0,0.0,3,88,11.5,0.0,3,100,19.5,0.0,3,50,19.4,0.0,3,80.6,14.12,0.06
88,9.0,0.1,71,2025-02-19,98,10.2,0.4,71,67,11.0,0.0,3,100,12.4,1.0,71,66,15.4,0.0,3,83.8,11.6,0.3
91,8.1,0.0,3,2025-02-20,88,8.2,0.1,71,36,4.0,0.0,3,87,14.3,0.0,3,8,12.6,0.0,3,62.0,9.44,0.02
76,9.6,0.0,3,2025-02-21,64,12.9,0.0,3,63,14.0,0.0,3,64,22.6,0.0,3,70,24.7,0.9,71,67.4,16.759999999999998,0.18
46,8.1,0.0,3,2025-02-22,35,11.5,0.0,3,58,24.2,1.9,73,10,19.5,0.0,1,94,21.8,0.0,3,48.6,17.02,0.38
0,6.6,0.0,0,2025-02-23,1,9.3,0.0,0,100,21.6,5.6,73,55,14.1,0.7,71,67,15.7,0.0,3,44.6,13.459999999999999,1.26
0,8.0,0.0,0,2025-02-24,43,6.7,0.0,3,100,17.9,2.6,73,100,15.6,5.1,73,69,21.3,0.0,3,62.4,13.9,1.5399999999999998
6,4.4,0.0,3,2025-02-25,16,8.3,0.0,3,75,14.3,0.0,3,93,15.1,0.8,71,55,12.0,0.0,3,49.0,10.82,0.16
32,6.1,0.0,3,2025-02-26,14,10.9,0.0,2,94,21.5,0.0,3,63,8.3,0.0,3,25,10.8,0.0,3,45.6,11.52,0.0
1,5.8,0.0,0,2025-02-27,0,9.3,0.0,0,88,16.0,3.0,73,48,4.1,0.0,3,35,13.7,0.0,3,34.4,9.780000000000001,0.6
33,8.7,0.0,3,2025-02-28,75,11.0,0.0,3,57,9.9,0.0,3,64,17.3,0.0,3,6,16.5,0.0,1,47.0,12.680000000000001,0.0
87,9.6,0.0,3,2025-03-01,100,10.3,1.1,71,69,7.8,0.0,3,2,15.7,0.0,0,52,8.9,0.0,3,62.0,10.459999999999999,0.22000000000000003
100,8.2,0.4,71,2025-03-02,100,11.7,0.9,71,98,7.7,0.0,3,77,9.6,0.0,3,100,11.1,1.2,73,95.0,9.66,0.5
99,12.3,1.2,73,2025-03-03,98,13.3,3.7,73,97,11.4,0.6,71,91,9.0,3.1,73,100,10.2,0.8,71,97.0,11.24,1.8800000000000001
100,16.7,5.7,75,2025-03-04,100,20.6,5.4,73,100,17.8,2.7,73,69,16.6,0.0,3,99,18.3,0.1,51,93.6,17.999999999999996,2.7800000000000002
100,22.3,3.2,73,2025-03-05,100,24.1,3.7,73,100,22.4,3.2,73,81,33.0,0.0,3,75,22.1,0.0,3,91.2,24.78,2.0200000000000005
100,19.9,2.3,51,2025-03-06,100,24.2,1.2,51,96,25.9,2.6,73,79,28.2,0.0,3,82,16.2,0.0,3,91.4,22.880000000000003,1.22
74,22.2,0.0,3,2025-03-07,84,25.4,0.0,3,57,25.6,0.2,51,14,21.4,0.0,3,36,11.7,0.0,3,53.0,21.259999999999998,0.04
11,13.2,0.0,3,2025-03-08,16,18.0,0.0,3,1,17.9,0.0,0,40,17.8,0.0,3,42,19.1,0.0,3,22.0,17.2,0.0
25,13.2,0.0,3,2025-03-09,69,16.3,0.0,3,45,18.8,0.0,3,96,16.5,0.0,3,99,17.3,0.0,3,66.8,16.419999999999998,0.0
78,12.2,0.0,3,2025-03-10,82,15.9,0.0,3,38,17.5,0.0,3,77,14.0,0.0,3,42,14.3,0.0,3,63.4,14.780000000000001,0.0
100,15.0,0.2,51,2025-03-11,100,16.4,1.3,51,92,16.6,0.0,3,44,14.5,0.0,3,76,25.6,0.0,3,82.4,17.619999999999997,0.3
99,11.8,4.6,61,2025-03-12,100,12.2,4.4,55,75,14.5,0.2,51,76,22.9,0.4,51,55,27.0,0.0,3,81.0,17.68,1.92
87,16.0,0.2,51,2025-03-13,97,19.5,0.6,51,76,17.5,0.0,3,77,20.5,0.0,3,79,21.8,0.0,3,83.2,19.06,0.16
89,28.7,7.0,61,2025-03-14,98,36.3,6.0,71,92,19.8,4.8,61,82,19.8,0.2,51,64,27.4,0.0,3,85.0,26.4,3.6
64,14.1,0.0,3,2025-03-15,53,20.7,0.1,71,66,15.3,0.0,3,88,18.6,0.0,3,78,24.2,0.0,3,69.8,18.58,0.02
22,12.0,0.0,3,2025-03-16,67,20.0,0.0,3,100,14.8,15.9,63,80,26.2,0.0,3,90,28.2,0.0,3,71.8,20.240000000000002,3.18
88,16.1,1.8,73,2025-03-17,66,18.2,0.2,71,100,10.2,7.7,75,97,27.9,4.0,61,83,17.2,6.9,61,86.8,17.92,4.12
11,8.4,0.0,2,2025-03-18,48,15.0,0.1,71,99,11.2,3.8,73,100,16.1,8.8,63,97,18.6,4.8,53,71.0,13.86,3.5
65,20.2,0.9,73,2025-03-19,65,26.1,0.6,71,33,11.6,0.2,71,87,15.9,0.0,3,43,15.8,0.0,3,58.6,17.919999999999998,0.33999999999999997
21,14.8,0.0,3,2025-03-20,44,18.7,0.0,3,27,18.3,0.0,3,76,17.6,0.1,51,88,19.3,0.1,51,51.2,17.740000000000002,0.04
82,14.4,0.0,3,2025-03-21,91,14.4,0.1,51,18,11.4,0.0,3,64,18.4,0.0,3,21,18.5,0.0,3,55.2,15.419999999999998,0.02
28,13.9,0.0,3,2025-03-22,19,13.6,0.0,3,60,18.7,0.2,51,98,16.9,0.3,51,67,17.6,0.0,3,54.4,16.14,0.1
0,8.6,0.0,0,2025-03-23,26,10.8,0.0,3,3,11.8,0.0,0,70,15.7,0.0,3,49,13.0,0.0,3,29.6,11.98,0.0
51,17.0,0.0,3,2025-03-24,52,24.0,0.0,3,0,6.1,0.0,0,48,12.3,0.0,3,83,20.2,0.0,3,46.8,15.920000000000002,0.0
100,17.1,5.2,71,2025-03-25,100,21.1,2.9,51,51,12.6,0.0,3,86,15.0,0.0,3,83,18.9,3.5,61,84.0,16.940000000000005,2.32
99,8.6,0.2,51,2025-03-26,100,9.6,0.0,3,100,18.2,0.9,51,99,18.9,1.0,53,95,13.5,1.4,53,98.6,13.76,0.7
100,9.1,1.8,53,2025-03-27,98,10.3,1.1,51,81,12.3,0.4,51,76,11.0,0.2,51,94,12.1,0.7,51,89.8,10.96,0.8400000000000001
62,6.0,0.1,51,2025-03-28,66,10.3,0.0,3,63,9.4,0.0,3,52,13.4,0.0,3,85,25.8,0.4,51,65.6,12.98,0.1
18,8.3,0.0,3,2025-03-29,2,11.9,0.0,0,61,8.9,0.0,3,80,18.1,0.4,51,66,22.6,0.0,3,45.4,13.960000000000003,0.08
46,10.1,0.0,3,2025-03-30,45,17.4,0.0,3,94,14.4,0.6,51,78,13.7,12.3,65,57,13.8,0.4,51,64.0,13.879999999999999,2.66
90,12.6,0.0,3,2025-03-31,74,12.3,0.0,3,91,21.6,0.3,51,97,18.7,6.2,61,94,12.9,0.1,51,89.2,15.620000000000001,1.3199999999999998
100,14.7,6.8,61,2025-04-01,99,11.1,0.0,3,92,18.1,0.0,3,52,16.0,0.2,51,58,16.0,0.0,3,80.2,15.180000000000001,1.4
38,17.8,3.6,55,2025-04-02,27,16.8,0.0,3,71,15.8,8.0,63,99,12.4,0.5,51,100,18.8,5.4,61,67.0,16.32,3.5
40,12.2,0.0,3,2025-04-03,49,12.8,0.0,3,21,14.9,0.0,3,99,14.3,11.8,63,98,16.9,2.8,53,61.4,14.219999999999999,2.9200000000000004
46,19.1,0.0,3,2025-04-04,38,24.0,0.0,3,48,15.8,0.0,3,73,16.7,0.0,3,92,10.9,0.9,51,59.4,17.300000000000004,0.18
82,16.3,0.1,51,2025-04-05,80,18.2,0.2,71,37,18.5,0.4,51,87,13.0,1.2,53,91,19.6,0.2,51,75.4,17.119999999999997,0.42000000000000004
100,22.2,11.6,73,2025-04-06,100,25.2,0.9,71,70,16.9,3.5,61,62,24.5,0.3,51,88,32.6,1.6,53,84.0,24.28,3.5800000000000005
98,19.2,13.4,75,2025-04-07,100,22.5,6.7,73,39,16.6,0.0,3,48,14.6,12.4,63,100,19.0,10.8,75,77.0,18.380000000000003,8.66
98,13.5,7.3,73,2025-04-08,100,23.7,7.0,73,84,26.1,5.3,63,84,17.5,2.9,73,79,22.5,0.4,71,89.0,20.660000000000004,4.58
100,17.3,3.6,73,2025-04-09,100,20.1,1.6,73,42,20.7,0.0,3,100,14.7,0.4,51,51,19.8,3.2,73,78.6,18.520000000000003,1.7600000000000002
96,14.2,1.0,71,2025-04-10,98,17.3,3.0,73,91,13.6,0.0,3,52,17.4,0.6,51,73,24.3,0.8,71,82.0,17.36,1.0799999999999998
95,14.1,0.0,3,2025-04-11,87,20.2,0.5,71,71,9.0,0.1,51,79,18.3,1.4,53,93,30.0,10.8,73,85.0,18.32,2.56
97,13.7,1.2,73,2025-04-12,89,18.0,1.8,73,39,15.5,0.0,3,83,15.7,6.9,73,75,24.9,2.3,75,76.6,17.560000000000002,2.44
50,12.2,2.4,73,2025-04-13,38,13.0,0.2,71,68,18.2,0.0,3,28,14.8,0.0,3,59,18.6,1.4,53,48.6,15.360000000000003,0.8
38,12.5,0.0,3,2025-04-14,63,17.7,0.0,3,65,8.6,0.0,3,21,20.0,0.0,3,24,19.0,0.0,2,42.2,15.559999999999999,0.0
79,16.2,0.0,3,2025-04-15,79,18.3,2.2,61,1,12.0,0.0,0,80,29.1,0.0,3,8,20.9,0.0,3,49.4,19.3,0.44000000000000006
22,7.9,0.0,3,2025-04-16,58,12.4,0.0,3,30,13.1,0.0,3,44,25.2,0.0,3,40,18.7,0.0,3,38.8,15.459999999999999,0.0
97,13.5,0.0,3,2025-04-17,100,14.8,1.3,53,25,10.4,0.0,3,2,18.4,0.0,0,3,10.8,0.0,1,45.4,13.580000000000002,0.26
67,10.3,0.4,51,2025-04-18,36,15.8,7.1,63,98,15.2,0.0,3,0,13.9,0.0,0,0,19.8,0.0,0,40.2,15.0,1.5
12,14.4,1.2,55,2025-04-19,8,16.1,0.0,1,42,14.1,0.0,3,0,12.0,0.0,0,2,22.0,0.0,1,12.8,15.719999999999999,0.24
5,14.7,0.0,1,2025-04-20,3,15.7,0.0,0,62,14.0,0.0,3,65,11.9,0.1,51,7,11.8,0.0,1,28.4,13.62,0.02
40,17.1,0.0,3,2025-04-21,64,20.1,0.3,51,48,15.3,0.0,3,84,15.7,5.6,61,59,12.3,5.7,63,59.0,16.1,2.32
28,12.7,0.1,51,2025-04-22,30,14.1,0.0,3,11,14.6,0.0,2,49,10.4,4.1,63,26,12.6,0.1,51,28.8,12.879999999999999,0.8599999999999998
50,15.2,0.3,51,2025-04-23,63,19.9,1.2,53,68,10.9,0.9,53,17,7.8,1.7,61,9,13.9,0.0,1,41.4,13.539999999999997,0.82
32,12.4,0.0,3,2025-04-24,75,10.9,0.0,3,27,12.9,0.4,51,28,12.7,0.3,51,5,17.0,0.2,51,33.4,13.180000000000001,0.18
39,17.8,3.3,61,2025-04-25,67,21.4,14.4,71,11,7.5,0.0,2,91,13.0,16.2,63,74,13.0,0.3,51,56.4,14.540000000000001,6.839999999999999
60,20.5,0.0,3,2025-04-26,57,25.2,0.1,51,39,22.1,1.5,55,84,18.7,0.5,53,66,14.5,12.6,63,61.2,20.200000000000003,2.94
63,18.4,0.3,71,2025-04-27,66,22.2,0.6,71,69,22.7,4.1,63,53,15.1,3.3,55,30,19.8,0.2,51,56.2,19.639999999999997,1.7
58,18.8,0.0,3,2025-04-28,63,23.4,0.0,3,67,28.1,0.5,71,1,13.5,0.0,0,0,17.0,0.0,0,37.8,20.160000000000004,0.1
92,23.2,3.0,55,2025-04-29,99,23.9,4.5,53,32,20.9,0.0,3,0,15.7,0.0,0,2,19.9,0.0,1,45.0,20.72,1.5
93,17.0,1.8,53,2025-04-30,99,19.5,1.0,51,84,24.6,1.1,53,0,10.9,0.0,0,0,9.1,0.0,0,55.2,16.22,0.78
97,16.2,21.1,63,2025-05-01,100,25.6,14.7,75,34,20.0,1.4,53,61,11.5,0.0,3,66,16.8,0.0,3,71.6,18.02,7.4399999999999995
70,23.3,9.3,75,2025-05-02,35,21.4,0.2,51,89,20.9,9.1,61,91,12.1,2.6,61,42,19.6,0.0,3,65.4,19.459999999999997,4.24
53,17.5,0.4,51,2025-05-03,63,21.0,1.9,53,30,19.6,0.0,3,90,13.5,0.0,3,0,15.2,0.0,0,47.2,17.36,0.45999999999999996
59,18.8,7.7,63,2025-05-04,66,13.6,4.7,61,39,22.3,0.0,3,41,8.8,0.0,3,14,14.9,0.0,3,43.8,15.680000000000001,2.48
89,24.7,3.5,63,2025-05-05,98,30.1,4.3,71,13,19.2,0.0,3,31,9.8,0.0,3,16,11.6,0.0,3,49.4,19.08,1.56
81,19.4,0.4,51,2025-05-06,72,17.4,2.8,73,12,16.8,0.0,3,25,9.4,0.5,51,47,10.7,0.0,3,47.4,14.739999999999998,0.74
61,9.5,0.1,51,2025-05-07,68,14.1,6.4,71,59,11.0,0.0,3,40,17.5,0.5,51,74,22.9,3.1,61,60.4,15.0,2.02
64,13.1,0.2,51,2025-05-08,93,15.1,6.3,75,78,16.2,6.6,61,48,28.6,1.5,53,71,13.6,2.1,51,70.8,17.32,3.34
60,15.4,0.0,3,2025-05-09,66,17.4,2.0,71,60,15.6,0.0,3,59,15.8,3.5,61,82,23.5,2.4,55,65.4,17.54,1.58
81,15.5,1.8,61,2025-05-10,74,15.7,0.9,51,94,23.1,3.2,61,88,12.5,20.9,63,87,10.0,0.1,51,84.8,15.36,5.38
95,16.7,1.2,51,2025-05-11,100,24.2,8.9,71,49,12.3,0.0,3,74,7.9,0.0,3,36,14.2,0.0,3,70.8,15.059999999999999,2.02
80,14.0,4.0,71,2025-05-12,97,13.0,6.5,73,22,13.8,0.0,3,79,8.7,0.6,51,19,14.9,0.0,2,59.4,12.88,2.2199999999999998
70,9.2,7.1,61,2025-05-13,93,11.0,4.1,53,55,15.1,0.0,3,90,13.0,2.5,61,29,14.3,1.4,53,67.4,12.52,3.02
62,11.2,0.9,51,2025-05-14,60,11.6,1.1,51,79,17.9,3.7,53,12,13.0,0.0,1,15,15.5,1.3,51,45.6,13.839999999999998,1.4
44,13.4,0.1,51,2025-05-15,56,13.6,0.1,51,7,18.0,0.0,1,65,8.9,0.0,3,5,15.6,0.0,1,35.4,13.9,0.04
75,15.0,0.0,3,2025-05-16,82,16.9,0.3,51,19,10.0,0.0,3,46,14.1,0.2,51,77,26.0,0.0,3,59.8,16.4,0.1
100,19.8,0.0,3,2025-05-17,95,16.0,0.0,3,61,8.9,0.0,3,55,20.3,0.1,51,76,24.1,5.1,63,77.4,17.82,1.0399999999999998
99,20.8,1.4,53,2025-05-18,97,18.7,1.2,53,89,22.6,0.0,3,74,16.9,17.3,63,66,19.9,1.0,51,85.0,19.78,4.18
91,15.7,1.9,51,2025-05-19,94,13.0,11.9,61,100,17.6,15.4,63,33,21.2,2.0,51,20,24.6,5.7,61,67.6,18.419999999999998,7.380000000000001
85,13.6,6.3,61,2025-05-20,51,13.2,0.9,53,36,21.7,0.6,51,25,24.3,4.4,61,62,31.5,7.5,63,51.8,20.86,3.94
43,13.4,0.8,53,2025-05-21,35,17.8,0.1,51,69,13.6,0.8,51,23,26.1,0.4,51,19,18.5,0.1,51,37.8,17.880000000000003,0.44000000000000006
29,9.0,0.0,3,2025-05-22,41,11.9,0.0,3,12,16.6,0.0,1,0,11.8,0.0,0,4,14.8,0.0,1,17.2,12.819999999999999,0.0
25,16.1,0.0,2,2025-05-23,66,15.7,0.1,51,10,9.8,0.0,2,18,12.4,0.0,2,14,12.7,0.0,3,26.6,13.34,0.02
14,14.8,0.0,2,2025-05-24,17,15.8,0.1,51,6,10.2,0.0,1,28,11.1,0.0,3,38,12.7,0.0,3,20.6,12.919999999999998,0.02
22,17.4,0.0,3,2025-05-25,43,20.9,0.0,3,43,11.7,0.1,51,58,14.2,0.0,3,71,28.6,0.0,3,47.4,18.560000000000002,0.02
81,22.1,0.0,3,2025-05-26,80,27.9,0.1,51,0,14.7,0.0,0,71,23.2,0.0,3,99,23.3,0.4,51,66.2,22.240000000000002,0.1
75,17.6,0.0,3,2025-05-27,100,19.1,0.0,3,0,16.7,0.0,0,88,19.6,0.3,51,94,14.9,4.4,63,71.4,17.580000000000002,0.9400000000000001
29,18.6,0.0,3,2025-05-28,65,18.9,0.0,3,1,18.0,0.0,0,90,14.7,6.0,61,22,16.2,0.0,3,41.4,17.28,1.2
50,20.5,0.1,51,2025-05-29,36,22.6,0.0,3,37,19.5,0.0,3,95,11.1,23.9,63,53,15.8,0.7,51,54.2,17.9,4.9399999999999995
95,20.9,0.5,51,2025-05-30,92,16.9,0.9,53,63,20.1,0.0,3,97,10.4,9.2,61,76,13.0,1.4,53,84.6,16.259999999999998,2.4
79,12.6,3.5,61,2025-05-31,52,14.5,1.1,55,77,15.8,0.0,3,36,12.7,0.4,51,89,14.4,1.5,55,66.6,14.000000000000004,1.3
27,19.8,0.1,51,2025-06-01,37,21.7,0.8,53,69,20.4,0.7,53,38,9.4,0.6,53,40,12.4,9.5,65,42.2,16.740000000000002,2.34
31,13.3,0.0,3,2025-06-02,41,12.8,0.6,53,6,22.9,0.0,2,92,14.2,4.9,63,22,11.7,1.1,51,38.4,14.98,1.3199999999999998
81,15.5,0.1,51,2025-06-03,76,17.3,1.1,53,23,19.0,0.0,3,12,9.8,0.0,3,6,17.2,0.0,1,39.6,15.76,0.24000000000000005
73,17.5,0.4,51,2025-06-04,54,16.9,0.0,3,48,24.9,1.9,61,20,14.6,0.0,3,24,18.5,0.0,3,43.8,18.479999999999997,0.45999999999999996
18,12.5,0.0,3,2025-06-05,38,16.5,0.0,3,69,35.0,12.5,63,43,9.4,2.8,55,2,14.5,0.0,0,34.0,17.580000000000002,3.06
66,15.9,2.7,61,2025-06-06,84,18.1,2.4,53,27,18.0,0.0,3,9,8.7,0.0,3,1,12.6,0.0,1,37.4,14.66,1.02
53,17.7,3.3,63,2025-06-07,62,23.9,1.1,53,23,8.6,0.0,3,0,8.9,0.0,0,1,12.4,0.0,1,27.8,14.3,0.8800000000000001
88,17.2,1.9,61,2025-06-08,67,21.9,10.3,63,38,11.3,1.6,61,2,14.9,0.0,0,0,11.2,0.0,0,39.0,15.3,2.7600000000000002
52,19.3,1.7,55,2025-06-09,40,25.8,3.3,61,7,14.0,0.0,2,22,13.1,0.0,2,8,14.4,0.0,1,25.8,17.32,1.0
48,15.3,0.0,3,2025-06-10,56,22.3,1.3,53,45,15.3,0.0,3,23,10.6,2.0,55,8,21.5,0.0,1,36.0,17.0,0.6599999999999999
55,9.5,0.0,3,2025-06-11,58,9.7,0.7,51,55,20.6,0.5,51,23,11.0,0.8,51,5,15.0,0.0,1,39.2,13.16,0.4
90,10.8,3.7,63,2025-06-12,94,10.8,4.0,61,56,12.1,0.0,3,39,13.2,8.4,63,18,19.1,0.2,51,59.4,13.2,3.2600000000000002
82,17.0,10.4,63,2025-06-13,86,19.1,5.3,61,19,18.9,0.1,51,26,19.3,1.4,53,25,23.9,0.0,3,47.6,19.639999999999997,3.44
93,16.2,10.0,63,2025-06-14,100,23.9,7.1,61,46,24.0,0.4,51,26,15.1,0.0,3,48,18.7,12.9,65,62.6,19.58,6.08
93,19.0,5.7,61,2025-06-15,69,21.0,0.0,3,40,12.1,0.8,51,51,21.5,9.1,63,68,23.8,17.8,63,64.2,19.479999999999997,6.68
22,12.0,0.0,3,2025-06-16,18,17.1,0.9,51,31,10.4,0.6,53,88,17.7,9.7,63,47,20.8,14.3,65,41.2,15.6,5.1
41,9.7,5.2,63,2025-06-17,71,11.8,11.0,63,51,15.6,3.2,63,42,15.9,6.3,63,23,14.0,0.8,51,45.6,13.4,5.3
99,9.5,4.1,53,2025-06-18,90,12.7,7.6,61,35,10.4,0.1,51,55,26.2,2.1,61,32,20.7,0.0,3,62.2,15.9,2.78
89,19.8,4.7,63,2025-06-19,97,19.9,7.0,55,68,16.9,8.7,63,24,21.6,0.2,51,1,20.1,0.0,0,55.8,19.660000000000004,4.119999999999999
98,14.5,7.8,61,2025-06-20,100,21.1,9.2,63,39,24.4,0.0,3,29,24.7,4.6,61,19,18.8,10.5,65,57.0,20.7,6.42
77,17.5,0.1,51,2025-06-21,72,19.3,0.0,3,79,26.3,1.4,53,12,14.0,0.0,1,20,22.8,0.3,51,52.0,19.979999999999997,0.36
95,14.3,2.6,55,2025-06-22,92,12.6,6.5,63,85,17.5,1.1,51,28,13.1,0.9,51,21,16.9,1.7,53,64.2,14.88,2.5599999999999996
53,9.9,0.0,3,2025-06-23,62,8.8,0.5,51,59,9.0,0.0,3,45,26.7,10.5,63,31,26.7,2.9,61,50.0,16.220000000000002,2.7800000000000002
64,20.0,1.9,53,2025-06-24,80,26.7,0.7,51,42,12.6,1.7,53,19,12.6,0.0,3,5,18.4,0.0,1,42.0,18.060000000000002,0.86
43,19.1,1.8,61,2025-06-25,74,23.6,1.0,51,61,17.3,0.3,51,26,18.1,0.0,3,8,16.4,0.0,1,42.4,18.9,0.6199999999999999
52,18.0,1.1,53,2025-06-26,72,20.7,2.2,51,61,22.2,1.2,53,10,18.9,0.1,51,7,20.9,0.0,1,40.4,20.140000000000004,0.9199999999999999
59,18.6,0.0,3,2025-06-27,59,19.9,0.3,51,82,28.7,11.6,63,0,13.5,0.0,0,0,10.9,0.0,0,40.0,18.32,2.38
82,11.9,0.0,3,2025-06-28,89,7.6,0.0,3,33,22.7,0.0,3,4,12.2,0.0,2,43,19.9,1.2,53,50.2,14.860000000000003,0.24
75,18.6,7.7,61,2025-06-29,84,21.0,9.3,63,88,13.8,0.0,3,83,13.3,17.4,63,51,22.6,2.7,55,76.2,17.860000000000003,7.42
92,21.4,8.3,61,2025-06-30,100,28.3,12.6,63,39,21.6,4.0,63,32,21.1,3.4,61,26,26.8,1.4,53,57.8,23.84,5.9399999999999995
100,23.1,7.6,61,2025-07-01,100,26.2,12.6,61,72,25.0,2.4,61,22,18.2,0.6,51,19,20.7,0.0,2,62.6,22.64,4.64
89,18.2,1.5,51,2025-07-02,86,19.2,2.4,61,51,22.1,1.2,51,22,15.5,1.0,51,29,16.3,0.0,3,55.4,18.259999999999998,1.22
50,15.7,0.0,3,2025-07-03,51,14.2,0.2,51,31,15.8,0.6,51,45,10.5,9.0,63,47,20.2,0.0,3,44.8,15.280000000000001,1.9600000000000002
35,16.4,1.5,53,2025-07-04,40,21.7,1.4,55,30,15.7,0.0,3,24,12.4,0.0,3,29,15.9,0.0,3,31.6,16.42,0.58
67,17.5,0.0,3,2025-07-05,70,20.2,0.0,3,42,16.7,3.5,61,2,13.0,0.0,1,5,14.8,0.0,1,37.2,16.44,0.7
81,13.0,0.1,51,2025-07-06,79,19.7,1.4,51,16,16.1,0.0,3,16,11.0,0.8,53,9,11.0,0.6,51,40.2,14.160000000000002,0.58
80,14.8,0.1,51,2025-07-07,78,13.2,0.0,3,38,9.4,0.0,3,4,13.4,0.0,1,0,13.8,0.0,0,40.0,12.919999999999998,0.02
66,17.8,1.6,61,2025-07-08,82,19.9,9.9,63,32,8.1,0.0,3,0,20.9,0.0,0,6,8.8,0.0,1,37.2,15.1,2.3
50,10.9,1.5,61,2025-07-09,56,14.9,8.3,65,0,9.8,0.0,0,1,19.3,0.0,0,4,16.0,0.0,1,22.2,14.180000000000001,1.9600000000000002
16,17.8,0.0,3,2025-07-10,29,16.3,0.0,3,0,11.2,0.0,0,2,15.5,0.0,0,5,20.7,0.0,1,10.4,16.3,0.0
11,17.3,0.0,2,2025-07-11,5,15.9,0.0,1,40,15.5,0.0,3,11,10.8,0.0,2,31,15.1,0.0,3,19.6,14.919999999999998,0.0
92,14.0,0.6,51,2025-07-12,75,17.0,2.3,61,37,15.6,0.7,53,4,9.1,0.0,1,28,13.1,0.1,51,47.2,13.76,0.74
55,12.4,3.1,61,2025-07-13,69,13.9,8.3,65,30,13.2,0.4,51,10,11.6,0.1,51,11,10.2,0.0,3,35.0,12.26,2.38
75,11.0,1.8,53,2025-07-14,75,11.3,18.6,65,60,10.5,5.4,63,19,14.7,0.9,53,24,15.1,0.0,3,50.6,12.52,5.340000000000001
65,9.1,9.0,65,2025-07-15,84,11.4,5.0,61,40,7.8,0.0,3,14,14.3,0.0,2,24,16.7,0.0,3,45.4,11.86,2.8
70,8.9,7.4,63,2025-07-16,78,10.6,0.4,51,43,11.1,1.3,53,51,11.8,0.0,3,21,13.1,0.5,53,52.6,11.100000000000001,1.9200000000000004
72,9.0,5.6,63,2025-07-17,23,11.7,0.0,3,18,13.9,0.3,51,16,12.5,0.0,3,14,15.9,0.0,2,28.6,12.6,1.18
58,13.6,0.0,3,2025-07-18,9,15.5,0.0,2,66,11.2,1.1,53,7,9.6,0.0,1,18,17.8,0.0,3,31.6,13.540000000000001,0.22000000000000003
97,19.0,1.4,53,2025-07-19,92,18.9,2.5,61,50,15.4,0.0,3,74,12.8,0.0,3,32,15.3,0.0,3,69.0,16.279999999999998,0.78
99,16.6,0.6,51,2025-07-20,92,17.3,9.7,63,92,14.0,0.1,51,47,10.6,0.6,53,5,14.4,0.0,2,67.0,14.580000000000002,2.1999999999999997
92,13.9,31.2,63,2025-07-21,100,19.4,18.2,63,42,11.7,5.0,61,9,8.1,0.1,51,3,14.6,0.2,51,49.2,13.540000000000001,10.940000000000001
81,10.1,3.2,53,2025-07-22,73,14.9,4.0,53,48,14.3,0.3,51,6,14.2,0.0,1,0,15.2,0.0,0,41.6,13.74,1.5
54,8.1,1.4,53,2025-07-23,33,11.0,0.8,51,43,13.3,0.1,51,2,17.2,0.0,0,3,16.6,0.0,0,27.0,13.240000000000004,0.4600000000000001
16,8.8,3.0,61,2025-07-24,20,11.5,0.9,53,64,16.1,3.9,61,3,17.0,0.0,1,6,14.8,0.0,1,21.8,13.64,1.56
4,10.2,0.0,0,2025-07-25,12,11.4,0.0,3,13,19.0,0.1,51,0,14.9,0.0,0,13,18.4,0.0,3,8.4,14.780000000000001,0.02
16,8.7,0.0,3,2025-07-26,13,10.9,0.0,3,2,14.4,0.0,0,6,15.0,0.0,2,1,14.1,0.0,0,7.6,12.620000000000001,0.0
5,7.6,0.0,1,2025-07-27,6,11.6,0.0,1,8,18.0,0.0,2,10,17.8,0.0,2,0,19.2,0.0,0,5.8,14.84,0.0
11,9.0,0.0,2,2025-07-28,16,9.9,0.0,3,2,14.5,0.0,0,0,19.2,0.0,0,0,17.5,0.0,0,5.8,14.02,0.0
9,10.7,0.2,51,2025-07-29,5,10.8,0.0,0,30,14.1,0.0,3,5,16.8,0.0,2,7,18.5,0.0,2,11.2,14.180000000000001,0.04
11,10.4,0.1,51,2025-07-30,7,11.5,0.0,0,37,10.9,0.0,3,9,18.0,0.0,2,18,20.2,0.0,3,16.4,14.2,0.02
70,12.8,0.1,51,2025-07-31,58,12.7,1.1,51,35,14.5,0.0,3,12,17.7,0.0,3,4,13.9,0.0,0,35.8,14.320000000000002,0.24000000000000005
71,15.3,18.3,65,2025-08-01,64,18.9,8.1,63,39,21.6,13.1,65,29,15.2,0.0,3,1,14.9,0.0,1,40.8,17.18,7.9
62,10.9,1.1,51,2025-08-02,62,11.5,1.9,51,34,19.3,0.0,3,71,15.1,0.7,53,33,22.0,4.3,55,52.4,15.760000000000002,1.6
40,8.7,0.2,51,2025-08-03,19,9.9,0.0,3,37,14.3,0.0,3,72,16.4,38.7,65,63,15.8,0.0,3,46.2,13.020000000000001,7.780000000000001
100,12.0,21.7,63,2025-08-04,88,13.1,9.3,63,91,21.1,2.6,61,21,12.2,0.1,51,4,18.4,0.0,2,60.8,15.360000000000003,6.74
73,17.1,7.4,61,2025-08-05,67,18.0,17.3,63,20,18.8,0.3,51,0,13.2,0.0,0,24,12.3,0.0,3,36.8,15.88,5.000000000000001
32,11.4,0.0,3,2025-08-06,58,13.6,0.1,51,8,22.2,0.0,1,41,15.5,0.0,3,0,18.0,0.0,0,27.8,16.14,0.02
58,13.7,5.2,61,2025-08-07,59,12.8,9.4,63,11,14.9,0.0,2,41,18.0,4.4,63,44,20.4,0.0,3,42.6,15.959999999999999,3.8
22,11.2,0.1,51,2025-08-08,41,12.0,0.3,51,13,19.3,0.0,3,29,21.1,5.8,63,26,17.9,0.0,3,26.2,16.3,1.24
77,10.2,10.3,65,2025-08-09,84,12.9,0.2,51,64,15.1,0.0,3,9,20.0,0.0,2,0,15.1,0.0,0,46.8,14.66,2.1
41,10.6,0.1,51,2025-08-10,67,12.8,0.2,51,36,17.6,2.5,61,1,15.8,0.0,0,10,18.8,0.0,3,31.0,15.12,0.5599999999999999
93,8.7,1.9,53,2025-08-11,99,9.9,6.2,61,56,12.9,0.2,51,8,13.4,0.0,3,6,17.9,0.3,51,52.4,12.559999999999999,1.72
72,12.3,5.0,63,2025-08-12,76,12.5,12.7,63,94,13.1,7.8,63,5,14.9,0.0,3,1,15.3,0.0,1,49.6,13.62,5.1
8,14.9,1.0,53,2025-08-13,12,15.3,0.6,51,51,23.0,0.6,51,0,13.3,0.0,0,0,17.6,0.0,0,14.2,16.82,0.44000000000000006
50,13.8,0.5,51,2025-08-14,56,18.8,2.0,53,29,22.1,0.0,3,17,16.0,0.0,3,0,13.8,0.0,0,30.4,16.9,0.5
8,14.1,0.0,1,2025-08-15,20,13.9,0.0,3,43,18.1,0.9,51,14,15.0,0.0,3,0,17.8,0.0,0,17.0,15.780000000000001,0.18
58,13.4,0.0,3,2025-08-16,66,17.4,0.8,51,15,16.1,0.0,2,0,13.3,0.0,0,4,18.3,0.0,2,28.6,15.7,0.16
56,12.4,1.4,55,2025-08-17,64,13.3,2.8,55,23,15.7,0.0,3,0,12.9,0.0,0,0,18.8,0.0,0,28.6,14.620000000000001,0.8399999999999999
73,12.3,4.2,61,2025-08-18,78,17.4,3.6,61,30,22.4,0.1,51,5,13.8,0.0,2,2,18.4,0.0,0,37.6,16.859999999999996,1.58
67,17.9,0.5,51,2025-08-19,65,18.2,0.7,51,41,25.6,4.2,61,2,14.9,0.0,0,13,19.2,0.0,3,37.6,19.16,1.08
56,19.8,6.8,61,2025-08-20,89,20.6,6.4,61,29,15.1,0.0,3,28,13.0,1.7,55,19,19.1,0.0,3,44.2,17.52,2.9799999999999995
81,9.2,9.0,61,2025-08-21,37,8.8,0.3,51,52,14.2,0.0,3,28,13.9,0.1,51,12,17.4,0.0,3,42.0,12.7,1.8800000000000001
74,11.9,0.0,3,2025-08-22,57,11.0,0.0,3,42,12.5,0.0,3,1,10.8,0.0,0,1,14.9,0.0,0,35.0,12.22,0.0
100,10.4,0.0,3,2025-08-23,39,9.0,0.0,3,74,23.4,0.0,3,1,20.1,0.0,0,22,23.4,4.7,61,47.2,17.259999999999998,0.9400000000000001
59,9.5,0.0,3,2025-08-24,72,12.7,0.1,51,66,21.6,1.7,53,32,14.2,0.3,51,20,18.3,0.7,51,49.8,15.26,0.5599999999999999
35,16.5,1.5,53,2025-08-25,54,18.3,0.5,51,23,19.6,3.8,63,0,13.1,0.0,0,8,10.7,0.0,3,24.0,15.64,1.16
81,14.5,2.2,53,2025-08-26,52,16.9,2.7,61,40,12.4,0.0,3,9,17.7,0.0,2,30,14.4,0.0,3,42.4,15.180000000000001,0.9800000000000001
65,13.0,1.0,51,2025-08-27,59,15.7,9.4,63,36,18.2,0.0,3,2,15.2,0.0,1,44,15.5,0.0,3,41.2,15.52,2.08
36,18.6,0.1,51,2025-08-28,27,21.5,0.1,51,15,9.7,0.0,3,13,20.8,0.1,51,4,22.1,0.0,1,19.0,18.54,0.06000000000000001
87,12.1,0.9,53,2025-08-29,84,12.9,1.7,53,20,10.0,0.0,3,0,26.8,0.0,0,0,25.6,0.0,0,38.2,17.48,0.52
48,14.0,0.0,3,2025-08-30,52,19.0,0.7,53,6,11.5,0.0,1,3,20.7,0.0,1,0,14.1,0.0,0,21.8,15.86,0.13999999999999999
3,11.1,0.0,1,2025-08-31,39,14.5,0.0,3,42,6.8,0.0,3,0,11.7,0.0,0,1,14.0,0.0,0,17.0,11.62,0.0
12,15.4,0.0,3,2025-09-01,60,18.2,1.4,53,39,16.6,0.1,51,2,14.1,0.0,0,27,19.1,1.1,53,28.0,16.68,0.52
96,16.7,0.0,3,2025-09-02,76,18.2,0.0,3,39,14.0,0.0,3,22,14.0,0.2,51,33,14.2,3.6,55,53.2,15.419999999999998,0.76
66,12.8,0.0,3,2025-09-03,37,13.4,0.0,3,57,15.0,0.2,51,21,13.9,0.2,51,10,17.0,0.0,3,38.2,14.419999999999998,0.08
77,10.2,0.1,51,2025-09-04,50,10.7,0.0,3,76,20.4,0.0,3,0,16.8,0.0,0,1,17.5,0.0,0,40.8,15.12,0.02
66,6.9,0.0,3,2025-09-05,52,11.3,0.0,3,86,22.5,0.0,3,0,14.7,0.0,0,0,22.3,0.0,0,40.8,15.540000000000001,0.0
14,8.5,0.0,2,2025-09-06,1,9.1,0.0,0,24,19.0,0.5,53,0,16.1,0.0,0,5,21.6,0.0,2,8.8,14.860000000000003,0.1
7,9.9,0.0,2,2025-09-07,1,8.9,0.0,0,35,18.8,0.0,3,49,16.7,0.0,3,35,20.8,0.0,3,25.4,15.02,0.0
16,9.7,0.0,3,2025-09-08,1,8.8,0.0,0,2,10.4,0.0,0,42,20.5,0.3,51,7,22.9,0.0,1,13.6,14.459999999999999,0.06
10,10.5,0.0,2,2025-09-09,12,10.4,0.0,1,6,17.1,0.1,51,97,14.8,21.6,65,26,17.0,4.5,61,30.2,13.959999999999999,5.24
13,8.1,0.0,2,2025-09-10,26,10.1,0.0,3,3,16.1,0.0,1,89,14.9,22.6,63,71,16.2,3.2,61,40.4,13.079999999999998,5.16
13,7.7,0.0,3,2025-09-11,8,9.7,0.0,3,14,17.3,0.0,2,6,20.8,0.0,1,45,21.2,0.0,3,17.2,15.34,0.0
34,12.2,0.0,3,2025-09-12,20,14.9,0.0,3,48,22.3,0.3,51,0,19.0,0.0,0,61,22.6,0.0,3,32.6,18.2,0.06
37,8.9,0.0,3,2025-09-13,61,11.4,0.0,3,5,17.9,0.0,1,2,21.6,0.0,0,70,25.3,0.0,3,35.0,17.020000000000003,0.0
61,7.7,0.0,3,2025-09-14,58,12.8,0.0,3,0,10.2,0.0,0,18,23.6,0.0,3,2,27.1,0.0,1,27.8,16.28,0.0
31,11.2,0.0,3,2025-09-15,67,15.4,0.0,3,13,10.4,0.0,3,0,21.7,0.0,0,34,12.1,0.0,3,29.0,14.16,0.0
35,13.5,0.0,3,2025-09-16,89,21.2,0.1,51,6,15.7,0.0,1,88,13.8,4.2,61,27,16.5,0.4,51,49.0,16.14,0.9400000000000001
82,13.0,0.0,3,2025-09-17,100,18.7,0.0,3,20,6.3,0.0,3,44,9.2,0.3,51,63,14.8,0.0,3,61.8,12.4,0.06
97,12.6,0.4,51,2025-09-18,97,11.3,2.8,53,60,14.0,0.0,3,91,15.3,0.2,51,100,29.0,23.8,63,89.0,16.44,5.4399999999999995
90,14.5,4.9,61,2025-09-19,74,19.4,3.6,55,74,14.7,0.0,3,64,16.1,0.6,51,60,23.1,0.3,51,72.4,17.559999999999995,1.8800000000000001
88,16.4,0.4,51,2025-09-20,88,18.2,0.0,3,94,10.0,0.0,3,16,21.3,0.2,51,36,17.7,0.1,51,64.4,16.72,0.14
95,16.0,0.0,3,2025-09-21,99,19.2,0.0,3,45,13.0,0.0,3,8,12.3,0.0,2,0,12.1,0.0,0,49.4,14.52,0.0
12,16.7,0.0,3,2025-09-22,26,19.9,0.4,51,14,12.6,0.0,3,1,13.1,0.0,0,0,10.6,0.0,0,10.6,14.579999999999998,0.08
76,12.7,1.2,51,2025-09-23,79,14.3,3.8,61,1,9.3,0.0,0,0,11.3,0.0,0,0,11.4,0.0,0,31.2,11.799999999999999,1.0
34,17.3,0.1,51,2025-09-24,46,20.7,0.2,51,30,20.9,0.0,3,0,11.8,0.0,0,0,10.2,0.0,0,22.0,16.18,0.06000000000000001
89,15.8,0.4,51,2025-09-25,84,17.5,0.0,3,71,21.8,2.9,53,43,19.2,0.0,3,45,25.0,0.0,3,66.4,19.86,0.6599999999999999
49,14.6,0.0,3,2025-09-26,52,16.6,0.0,3,62,16.6,0.0,3,34,19.6,1.0,51,9,23.0,0.0,1,41.2,18.080000000000002,0.2
83,9.7,3.6,55,2025-09-27,89,15.0,2.4,53,79,16.0,0.0,3,36,18.8,0.0,3,46,20.5,0.0,3,66.6,16.0,1.2
92,17.6,1.2,51,2025-09-28,84,21.3,0.0,3,100,13.8,2.0,51,83,12.5,0.5,51,44,17.0,0.0,3,80.6,16.44,0.74
82,18.6,0.0,3,2025-09-29,78,16.8,0.0,3,58,18.9,0.0,3,100,18.2,13.6,61,89,15.2,1.3,51,81.4,17.54,2.98
1,8.3,0.0,0,2025-09-30,9,8.9,0.0,1,0,12.5,0.0,0,89,19.3,0.7,51,73,11.2,4.2,55,34.4,12.040000000000001,0.9800000000000001
2,8.8,0.0,0,2025-10-01,11,11.9,0.0,2,0,5.9,0.0,0,46,13.1,0.0,3,61,12.0,3.9,61,24.0,10.34,0.78
73,9.2,0.0,3,2025-10-02,66,12.3,0.0,3,50,9.4,0.0,3,12,17.1,0.0,3,45,19.4,0.0,3,49.2,13.48,0.0
86,8.8,1.3,53,2025-10-03,76,12.7,1.0,53,40,11.6,0.0,3,57,19.4,0.0,3,65,18.2,0.0,3,64.8,14.14,0.45999999999999996
94,14.9,0.0,3,2025-10-04,99,17.0,0.0,3,79,12.4,0.0,3,0,15.0,0.0,0,14,15.1,0.1,51,57.2,14.879999999999999,0.02
94,13.0,1.0,53,2025-10-05,95,15.3,1.1,51,99,17.1,0.0,3,47,13.6,7.2,61,80,20.0,2.3,51,83.0,15.8,2.3200000000000003
98,8.4,3.3,53,2025-10-06,97,8.0,1.3,53,90,14.6,3.3,61,37,13.5,0.0,3,76,12.6,0.0,3,79.6,11.42,1.5799999999999998
96,5.8,0.6,51,2025-10-07,100,7.4,1.7,53,74,6.0,0.0,3,0,18.1,0.0,0,79,19.4,0.0,3,69.8,11.34,0.45999999999999996
96,6.0,0.0,3,2025-10-08,99,6.8,0.1,51,45,12.0,0.0,3,18,14.5,0.0,3,86,19.7,0.4,51,68.8,11.8,0.1
95,11.4,0.7,53,2025-10-09,100,11.2,0.8,53,59,14.3,0.0,3,92,15.0,5.9,61,94,17.3,0.5,51,88.0,13.84,1.58
100,13.0,1.5,53,2025-10-10,100,10.9,3.6,55,98,12.8,0.3,51,94,18.2,3.7,61,96,24.8,11.2,55,97.6,15.940000000000001,4.06
100,13.1,0.7,51,2025-10-11,93,14.2,1.5,53,96,13.0,0.0,3,77,15.7,9.2,61,76,13.0,8.3,61,88.4,13.8,3.94
87,13.0,1.0,51,2025-10-12,73,14.2,3.5,53,92,17.6,1.6,53,64,8.6,4.7,53,55,11.6,3.4,63,74.2,13.0,2.8400000000000003
100,14.3,20.6,71,2025-10-13,100,15.4,7.7,53,88,22.7,2.5,53,53,15.6,3.5,53,91,18.1,3.0,53,86.4,17.22,7.459999999999999
98,13.6,5.1,53,2025-10-14,100,14.2,4.3,53,39,16.1,1.4,53,98,9.7,2.1,53,64,8.3,0.0,3,79.8,12.379999999999999,2.5799999999999996
72,14.3,6.6,55,2025-10-15,93,12.3,1.6,51,73,16.6,0.3,51,96,6.6,0.8,53,52,11.1,0.0,3,77.2,12.180000000000001,1.86
85,13.1,0.5,51,2025-10-16,98,17.7,0.9,51,63,14.3,4.4,61,36,10.1,0.0,3,14,8.5,0.0,3,59.2,12.739999999999998,1.1600000000000001
98,16.8,2.7,55,2025-10-17,100,18.7,5.1,55,66,13.0,0.1,51,2,10.3,0.0,0,28,8.5,0.0,3,58.8,13.459999999999999,1.5799999999999998
100,10.5,0.2,51,2025-10-18,76,9.5,0.0,3,89,12.7,0.8,53,73,8.5,1.3,53,77,7.9,0.6,51,83.0,9.82,0.58
99,11.2,0.3,51,2025-10-19,99,10.5,0.1,51,77,14.0,7.0,55,99,10.1,12.2,63,59,18.8,4.3,63,86.6,12.920000000000002,4.78
99,12.0,0.4,51,2025-10-20,100,9.2,0.9,51,100,17.6,22.8,63,49,16.7,0.7,53,50,23.3,0.4,51,79.6,15.76,5.04
100,12.5,2.4,51,2025-10-21,94,13.1,0.0,3,73,11.5,1.2,51,48,17.0,0.4,51,40,10.1,0.0,3,71.0,12.84,0.7999999999999999
96,6.7,0.0,3,2025-10-22,99,7.7,0.1,51,76,10.9,7.8,61,61,11.4,0.0,3,65,9.3,0.0,3,79.4,9.2,1.5799999999999998
94,10.6,0.1,51,2025-10-23,98,15.2,0.0,3,53,13.2,0.8,53,84,11.4,4.4,63,13,12.2,0.0,2,68.4,12.52,1.06
88,13.3,1.9,53,2025-10-24,97,17.5,0.3,51,54,5.8,0.0,3,74,10.2,0.8,51,54,22.3,5.4,63,73.4,13.819999999999999,1.6800000000000002
89,18.2,0.3,51,2025-10-25,95,18.9,0.6,51,50,13.0,0.0,3,84,22.9,5.2,63,52,26.3,6.5,63,74.0,19.86,2.52
80,17.9,4.7,55,2025-10-26,96,19.7,4.6,53,100,9.1,1.6,53,65,11.4,0.0,3,60,20.3,0.4,51,80.2,15.679999999999998,2.2600000000000002
75,17.3,2.8,55,2025-10-27,90,20.5,1.8,53,59,10.8,0.0,3,88,25.7,0.9,53,100,26.0,28.1,63,82.4,20.06,6.720000000000001
96,13.1,6.9,55,2025-10-28,91,12.9,3.9,53,93,26.8,6.9,63,91,27.5,9.5,63,88,22.1,1.6,51,91.8,20.48,5.760000000000001
88,11.5,2.6,53,2025-10-29,86,11.7,0.7,51,90,8.0,1.5,53,62,14.8,1.0,51,22,24.1,0.3,51,69.6,14.02,1.22
80,10.3,0.0,3,2025-10-30,66,10.7,0.3,51,36,9.7,0.1,51,45,17.1,1.2,53,34,16.5,0.0,3,52.2,12.86,0.32
99,17.6,9.9,61,2025-10-31,100,20.1,6.2,53,61,25.0,5.4,61,38,17.4,0.0,3,35,18.7,0.0,3,66.6,19.759999999999998,4.3
99,10.5,0.0,3,2025-11-01,100,13.5,0.2,51,82,19.4,1.1,51,38,17.1,0.4,51,43,10.6,0.0,3,72.4,14.219999999999999,0.34
96,10.9,0.1,51,2025-11-02,88,14.4,0.0,3,69,15.8,0.1,51,37,11.0,0.0,3,14,11.4,0.0,3,60.8,12.7,0.04
100,14.8,1.8,53,2025-11-03,100,16.7,2.2,53,47,6.3,0.0,3,42,13.5,0.0,3,61,11.0,0.0,3,70.0,12.459999999999999,0.8
96,15.0,3.0,55,2025-11-04,90,16.9,3.0,53,86,21.5,0.0,3,77,10.1,0.0,3,60,10.5,0.0,3,81.8,14.8,1.2
82,13.6,0.0,3,2025-11-05,98,19.2,0.2,51,100,13.0,0.0,3,87,7.3,0.0,3,90,11.6,0.0,3,91.4,12.939999999999998,0.04
100,14.9,1.6,55,2025-11-06,100,20.4,1.3,53,98,11.5,1.1,51,70,11.2,0.0,3,68,19.1,0.0,3,87.2,15.419999999999998,0.8
100,13.1,1.6,51,2025-11-07,100,14.4,1.4,53,98,14.2,0.3,51,32,11.5,0.0,3,70,18.8,0.0,3,80.0,14.4,0.6599999999999999
100,15.0,0.2,51,2025-11-08,100,16.1,0.7,51,100,19.7,0.1,51,41,10.1,0.2,51,50,7.5,0.0,3,78.2,13.680000000000001,0.24
100,12.6,0.0,3,2025-11-09,100,15.7,0.0,3,92,13.6,2.4,61,33,7.5,0.0,3,97,9.3,0.0,3,84.4,11.74,0.48
100,9.0,0.0,3,2025-11-10,100,12.1,0.5,51,100,12.4,20.6,65,96,9.6,0.0,3,93,10.9,0.2,51,97.8,10.8,4.26
100,7.0,0.0,3,2025-11-11,100,7.1,0.1,51,99,11.2,0.0,3,89,9.0,0.0,3,74,13.0,0.0,3,92.4,9.459999999999999,0.02
100,13.5,1.0,51,2025-11-12,97,13.0,0.0,3,100,15.3,4.5,61,89,14.3,2.6,53,100,15.6,5.4,61,97.2,14.339999999999998,2.7
100,14.4,0.1,51,2025-11-13,100,22.4,0.0,3,100,15.3,1.2,51,90,11.6,2.2,53,78,9.4,1.0,53,93.6,14.62,0.9
100,21.4,0.5,51,2025-11-14,100,26.6,1.7,61,62,11.5,0.0,3,100,12.6,0.5,51,35,12.1,0.0,3,79.4,16.839999999999996,0.54
73,14.6,12.8,73,2025-11-15,56,18.7,2.6,73,72,20.4,0.0,3,15,12.9,0.0,3,18,12.0,0.0,2,46.8,15.719999999999999,3.08
58,13.9,0.0,3,2025-11-16,66,18.1,0.0,3,42,18.6,0.8,51,66,8.9,0.0,3,52,13.6,0.0,3,56.8,14.62,0.16
99,17.1,2.9,55,2025-11-17,100,20.8,6.4,73,97,15.5,1.4,71,58,20.1,0.0,3,75,26.1,0.0,3,85.8,19.919999999999998,2.14
99,20.3,10.1,61,2025-11-18,97,23.9,12.8,71,93,24.9,0.1,51,49,25.5,0.0,3,86,32.2,0.6,51,84.8,25.36,4.720000000000001
89,17.9,0.0,3,2025-11-19,90,23.8,0.3,71,95,20.3,13.4,75,92,22.2,0.0,3,100,29.2,8.6,63,93.2,22.68,4.46
100,13.4,0.0,3,2025-11-20,100,15.9,3.1,75,72,12.8,0.1,51,80,12.2,0.0,3,81,18.3,0.3,51,86.6,14.52,0.7
100,14.7,0.6,71,2025-11-21,100,17.1,0.4,71,96,13.7,0.5,51,77,10.1,0.0,3,76,17.2,0.0,3,89.8,14.559999999999999,0.3
100,7.1,4.6,73,2025-11-22,98,9.2,2.0,73,66,15.5,0.6,51,95,17.7,0.0,3,99,17.6,0.0,3,91.6,13.419999999999998,1.44
71,14.3,0.1,71,2025-11-23,60,11.7,0.0,3,86,15.3,0.0,3,85,16.0,0.0,3,97,18.4,0.0,3,79.8,15.139999999999997,0.02
99,19.9,10.5,73,2025-11-24,100,20.5,13.6,75,100,16.7,0.0,3,83,12.3,0.0,3,83,15.7,2.2,55,93.0,17.02,5.26
98,16.7,0.0,3,2025-11-25,99,18.0,1.1,73,61,13.4,0.1,51,73,10.8,0.3,51,14,14.3,0.0,3,69.0,14.64,0.30000000000000004
100,8.5,7.2,73,2025-11-26,100,9.3,3.7,73,18,5.4,0.0,3,78,9.3,1.9,53,75,14.8,0.0,3,74.2,9.459999999999999,2.56
100,12.1,6.3,61,2025-11-27,100,14.5,2.6,71,78,11.7,0.0,3,39,9.9,0.0,3,71,14.7,0.0,3,77.6,12.579999999999998,1.78
100,12.1,3.7,55,2025-11-28,95,15.5,0.0,3,100,15.0,2.5,55,59,8.0,0.0,3,47,15.1,0.0,3,80.2,13.14,1.24
100,11.0,0.0,3,2025-11-29,100,15.9,0.0,3,99,13.2,5.6,63,67,10.9,0.0,3,74,12.1,0.0,3,88.0,12.62,1.1199999999999999
100,8.6,0.2,51,2025-11-30,100,12.2,0.2,51,97,6.0,0.1,51,92,14.2,0.0,3,100,11.0,4.1,63,97.8,10.4,0.9199999999999999
95,10.3,0.0,3,2025-12-01,99,16.8,0.0,3,100,10.7,0.0,3,97,11.5,4.0,53,99,15.3,2.4,61,98.0,12.919999999999998,1.28
100,8.8,0.0,3,2025-12-02,100,12.7,0.0,3,100,9.2,0.0,3,91,7.9,0.1,51,72,14.6,7.8,55,92.6,10.64,1.5799999999999998
100,6.0,0.0,3,2025-12-03,100,9.4,0.0,3,100,10.3,0.0,3,100,10.2,0.0,3,75,10.1,0.0,3,95.0,9.200000000000001,0.0
100,8.5,0.0,3,2025-12-04,100,11.3,0.0,3,99,9.3,0.0,3,69,13.7,0.0,3,56,16.7,0.0,3,84.8,11.9,0.0
96,8.5,0.0,3,2025-12-05,100,11.5,0.7,71,98,6.9,0.4,51,26,13.0,0.0,3,40,25.6,0.0,3,72.0,13.1,0.22000000000000003
100,9.2,0.0,3,2025-12-06,99,12.1,0.6,51,93,6.6,0.0,3,16,17.4,0.0,3,78,23.0,0.0,3,77.2,13.66,0.12
100,9.8,0.0,3,2025-12-07,100,12.1,0.5,51,92,8.2,0.0,3,97,24.0,6.7,73,99,27.1,8.2,63,97.6,16.24,3.0799999999999996
100,12.8,0.0,3,2025-12-08,100,15.2,0.0,3,100,9.2,0.3,51,98,23.1,4.4,63,96,14.9,0.0,3,98.8,15.040000000000001,0.9400000000000001
100,18.2,0.4,71,2025-12-09,100,19.0,4.8,73,100,20.4,0.3,51,78,10.6,0.1,51,95,15.2,0.4,51,94.6,16.68,1.2
100,13.3,2.2,73,2025-12-10,100,15.2,0.7,71,100,24.0,1.7,71,100,8.2,3.7,53,100,11.1,2.7,53,100.0,14.36,2.2
100,17.6,4.2,53,2025-12-11,100,21.5,2.5,61,100,15.4,0.4,71,98,8.2,0.2,51,70,11.0,0.0,3,93.6,14.74,1.4600000000000002
95,21.1,3.6,73,2025-12-12,93,27.6,2.2,73,100,15.4,2.3,73,86,18.8,8.0,63,93,17.5,3.6,55,93.4,20.080000000000002,3.9400000000000004
95,25.0,0.8,71,2025-12-13,100,24.9,0.1,71,100,44.0,15.4,75,76,23.5,0.4,51,69,19.4,0.5,51,88.0,27.360000000000003,3.44
100,17.1,0.6,71,2025-12-14,99,19.9,0.0,3,92,40.9,0.2,71,81,8.8,0.3,71,48,16.5,0.0,3,84.0,20.64,0.22000000000000003
91,9.7,0.1,71,2025-12-15,100,9.9,0.7,71,58,26.6,0.0,3,92,13.0,2.3,71,100,13.7,0.7,51,88.2,14.580000000000002,0.76
100,14.3,1.4,73,2025-12-16,100,16.3,2.2,73,42,17.5,0.1,71,100,12.6,0.0,3,60,12.5,0.1,51,80.4,14.64,0.76
100,12.4,0.1,51,2025-12-17,100,15.3,0.0,3,100,15.6,0.4,71,87,9.1,0.0,3,26,10.9,0.0,3,82.6,12.66,0.1
100,15.7,0.0,3,2025-12-18,100,15.9,0.0,3,100,13.1,0.8,73,87,8.9,0.0,3,67,13.2,0.0,3,90.8,13.36,0.16
100,11.7,0.2,51,2025-12-19,100,14.6,0.0,3,100,16.4,0.0,3,84,6.9,0.3,51,84,14.0,0.0,3,93.6,12.719999999999999,0.1
100,13.5,0.0,3,2025-12-20,100,17.9,0.3,51,100,13.0,0.0,3,90,6.8,0.0,3,82,10.8,0.0,3,94.4,12.4,0.06
100,13.8,0.5,73,2025-12-21,100,16.5,4.1,73,100,16.7,0.0,3,100,8.4,0.0,3,100,9.5,0.0,3,100.0,12.98,0.9199999999999999
100,18.9,1.7,71,2025-12-22,100,21.6,1.2,71,100,16.0,1.4,71,100,7.1,0.0,3,88,10.9,0.0,3,97.6,14.9,0.86
100,17.5,0.0,3,2025-12-23,100,19.7,0.0,3,97,22.1,0.6,71,97,9.3,0.0,3,99,7.6,0.0,3,98.6,15.24,0.12
96,16.2,0.7,71,2025-12-24,91,16.5,1.1,71,50,17.7,0.0,3,89,12.5,0.0,3,76,19.4,0.0,3,80.4,16.46,0.36
100,19.3,3.6,73,2025-12-25,100,23.2,7.4,75,66,13.1,0.0,3,12,14.5,0.0,3,92,22.4,0.1,51,74.0,18.5,2.2199999999999998
98,21.4,9.4,73,2025-12-26,97,25.9,3.8,73,100,20.3,3.2,73,56,18.2,0.2,71,63,25.7,3.4,75,82.8,22.3,3.999999999999999
100,18.4,0.8,73,2025-12-27,100,20.6,1.3,73,99,19.2,1.7,73,65,9.5,1.8,73,93,13.3,0.3,71,91.4,16.2,1.18
100,11.4,2.7,73,2025-12-28,100,12.2,3.2,73,95,9.6,0.0,3,71,26.7,4.6,73,90,22.1,7.6,75,91.2,16.4,3.62
100,7.4,2.1,71,2025-12-29,100,8.8,1.1,71,100,15.8,1.6,73,82,16.0,0.0,3,82,20.2,1.5,73,92.8,13.64,1.2600000000000002
100,13.0,4.6,73,2025-12-30,100,14.2,2.8,73,100,17.1,2.2,73,87,18.5,17.3,75,94,15.0,4.2,73,96.2,15.559999999999999,6.22
100,10.9,2.8,73,2025-12-31,100,13.8,1.4,71,94,18.6,0.6,73,97,12.5,2.1,73,75,13.1,1.6,73,93.2,13.780000000000001,1.6999999999999997
99,11.4,0.0,3,2026-01-01,100,11.6,0.6,71,87,19.2,0.2,71,60,9.7,0.0,3,38,17.3,0.0,3,76.8,13.84,0.16
100,19.0,2.3,73,2026-01-02,94,20.5,2.7,73,82,21.5,0.0,3,36,22.6,0.0,3,89,28.8,0.4,71,80.2,22.479999999999997,1.08
93,10.0,6.0,75,2026-01-03,96,14.6,1.3,71,100,29.8,1.1,73,80,35.6,2.2,73,98,31.2,4.9,61,93.4,24.240000000000002,3.1000000000000005
93,16.2,0.6,73,2026-01-04,77,19.3,0.6,73,71,36.6,5.8,75,90,33.2,2.2,51,95,33.1,9.9,63,85.2,27.68,3.8200000000000003
79,13.9,0.1,71,2026-01-05,82,16.6,0.6,71,83,21.0,5.8,75,99,30.4,0.5,51,100,29.8,20.2,63,88.6,22.34,5.4399999999999995
100,14.0,0.8,71,2026-01-06,99,15.9,0.5,71,99,18.8,0.2,71,83,11.9,0.0,3,66,15.5,0.8,51,89.4,15.219999999999999,0.45999999999999996
100,15.4,3.7,73,2026-01-07,100,17.8,5.1,73,100,16.5,0.5,71,17,15.0,0.1,51,43,21.0,0.3,51,72.0,17.14,1.9400000000000002
100,18.0,6.8,73,2026-01-08,99,17.2,0.0,3,100,13.8,0.0,3,78,25.9,0.7,53,92,32.1,6.9,63,93.8,21.4,2.88
100,24.9,18.9,75,2026-01-09,100,33.0,14.2,75,100,17.7,1.5,73,94,26.8,8.2,63,100,27.4,5.0,73,98.8,25.959999999999997,9.559999999999999
98,13.6,0.3,71,2026-01-10,93,18.5,1.4,73,78,11.7,3.6,73,74,27.2,1.3,71,90,23.4,1.1,71,86.6,18.880000000000003,1.5399999999999998
93,12.3,1.4,71,2026-01-11,94,13.7,1.1,71,94,23.7,4.0,73,100,32.7,11.8,61,85,34.2,10.3,61,93.2,23.32,5.720000000000001
100,15.0,5.7,73,2026-01-12,100,18.7,4.5,73,100,25.0,22.5,75,100,12.6,26.1,75,78,8.3,0.0,3,95.6,15.919999999999998,11.760000000000002
100,6.9,0.0,3,2026-01-13,100,11.6,1.0,71,100,13.8,3.4,73,100,9.4,5.3,73,44,11.1,0.0,3,88.8,10.559999999999999,1.94
100,6.8,3.6,73,2026-01-14,100,9.4,1.5,73,100,18.3,3.7,73,68,6.5,0.0,3,73,16.7,2.7,73,88.2,11.540000000000001,2.3
100,5.4,0.0,3,2026-01-15,83,9.7,0.0,3,79,13.1,3.7,73,82,21.9,15.8,75,100,13.6,3.3,73,88.8,12.739999999999998,4.5600000000000005
100,6.0,0.0,3,2026-01-16,90,8.8,0.0,3,4,16.6,0.0,1,99,12.7,8.0,75,100,14.9,0.5,71,78.6,11.8,1.7
100,8.4,0.0,3,2026-01-17,100,12.2,0.0,3,0,15.5,0.0,0,98,17.9,2.5,73,100,20.3,1.8,73,79.6,14.86,0.86
100,15.3,0.0,3,2026-01-18,99,15.0,0.0,3,37,8.0,0.0,3,70,21.6,1.0,71,100,29.4,0.3,71,81.2,17.86,0.26
100,10.3,0.5,71,2026-01-19,100,9.7,0.7,71,96,14.6,0.0,3,60,21.3,0.0,3,100,24.6,0.7,71,91.2,16.1,0.38
100,9.1,0.5,71,2026-01-20,100,10.8,0.3,71,100,9.1,0.8,71,97,15.1,0.0,3,64,19.7,0.0,3,92.2,12.76,0.32
100,7.2,1.9,71,2026-01-21,100,11.8,0.5,71,97,6.7,0.1,71,67,14.1,0.0,3,54,8.5,0.0,3,83.6,9.66,0.5
100,10.5,0.1,71,2026-01-22,99,14.3,0.6,71,99,9.9,0.0,71,87,19.1,0.0,3,81,13.9,0.0,3,93.2,13.540000000000001,0.13999999999999999
99,9.1,0.0,3,2026-01-23,99,9.4,0.0,3,99,12.7,0.0,3,100,17.1,3.2,53,100,8.9,1.9,53,99.4,11.44,1.02
100,5.2,0.0,3,2026-01-24,100,6.6,0.0,3,81,9.2,0.0,3,100,15.3,11.8,61,100,12.4,5.4,53,96.2,9.739999999999998,3.4400000000000004
100,6.5,0.0,3,2026-01-25,99,9.5,0.0,3,72,8.3,0.0,3,100,8.2,0.4,51,94,11.5,0.0,3,93.0,8.8,0.08
100,19.6,0.1,71,2026-01-26,100,20.5,4.6,75,56,8.0,0.0,3,99,15.8,0.2,51,100,18.6,0.0,3,91.0,16.5,0.9799999999999999
100,18.0,12.9,75,2026-01-27,100,18.4,9.0,75,99,16.3,0.0,3,79,18.9,0.2,51,77,19.5,3.9,61,91.0,18.22,5.199999999999999
100,9.9,9.6,73,2026-01-28,100,16.4,14.1,73,99,19.8,0.0,3,55,10.7,0.0,3,33,21.1,0.0,3,77.4,15.580000000000002,4.74
100,15.9,6.6,73,2026-01-29,100,18.5,5.4,73,100,22.8,0.0,3,62,16.7,0.0,3,83,20.5,0.0,3,89.0,18.880000000000003,2.4
62,14.3,0.0,3,2026-01-30,52,15.3,0.0,3,100,23.7,0.2,51,95,13.3,0.1,51,100,20.9,0.2,51,81.8,17.5,0.1
45,17.1,0.0,3,2026-01-31,73,16.5,0.0,3,100,19.5,6.2,75,96,24.4,3.5,61,100,25.4,2.8,53,82.8,20.580000000000002,2.5
100,19.6,2.3,71,2026-02-01,100,20.3,1.7,71,96,19.2,7.4,73,92,13.6,0.0,3,90,20.0,0.0,3,95.6,18.54,2.2800000000000002
94,10.4,0.4,71,2026-02-02,99,11.8,1.1,71,46,16.4,0.4,73,100,16.3,1.4,53,100,29.9,4.2,75,87.8,16.96,1.5
36,9.7,0.0,3,2026-02-03,66,11.2,0.0,3,67,16.5,4.3,73,100,12.2,0.8,71,73,18.3,0.0,3,68.4,13.579999999999998,1.02
83,11.7,0.0,3,2026-02-04,89,12.2,0.0,3,0,15.4,0.0,0,55,10.1,0.0,3,42,16.2,0.0,3,53.8,13.12,0.0
82,9.9,0.0,3,2026-02-05,66,15.3,0.0,3,40,7.5,0.0,3,70,15.7,0.0,3,84,16.6,0.0,3,68.4,13.0,0.0
100,9.9,0.2,71,2026-02-06,67,12.5,0.0,3,100,11.5,0.0,3,92,14.5,0.0,3,100,13.3,2.2,53,91.8,12.34,0.4800000000000001
90,10.3,0.2,71,2026-02-07,89,11.6,0.0,3,100,19.6,0.6,71,91,11.9,0.2,51,99,16.4,4.9,53,93.8,13.959999999999999,1.1800000000000002
100,16.6,0.1,71,2026-02-08,100,19.2,0.1,71,100,17.1,4.5,73,100,16.4,7.8,61,100,17.3,1.2,53,100.0,17.32,2.7399999999999998
100,14.7,0.0,3,2026-02-09,100,16.6,0.0,3,78,22.9,0.9,71,100,15.8,0.9,71,69,14.9,1.2,73,89.4,16.98,0.6
100,13.5,0.0,3,2026-02-10,98,15.3,0.1,71,84,18.9,0.0,3,44,12.3,0.0,3,2,17.2,0.0,0,65.6,15.440000000000001,0.02
99,15.0,2.0,73,2026-02-11,99,16.8,1.3,71,58,15.7,0.0,3,46,11.1,0.0,3,66,10.5,0.0,3,73.6,13.819999999999999,0.6599999999999999
100,14.0,4.7,73,2026-02-12,100,12.7,5.5,73,100,18.0,0.5,71,59,14.7,0.0,3,93,16.4,0.0,3,90.4,15.160000000000002,2.1399999999999997
100,11.4,4.3,73,2026-02-13,100,15.6,6.0,73,100,24.7,0.0,3,98,18.3,3.1,61,94,15.9,2.4,61,98.4,17.18,3.16
100,13.6,1.5,73,2026-02-14,100,13.6,8.2,75,100,23.3,2.9,73,96,21.7,1.1,53,100,21.3,10.0,63,99.2,18.7,4.74
100,13.6,1.0,73,2026-02-15,98,15.1,0.2,71,100,30.1,5.5,75,56,22.0,0.1,51,60,32.2,0.0,3,82.8,22.6,1.3599999999999999
100,23.9,5.8,73,2026-02-16,100,18.6,0.0,3,99,32.4,4.1,73,67,37.4,0.3,51,92,39.3,0.4,51,91.6,30.320000000000004,2.12
77,16.9,0.0,3,2026-02-17,72,14.8,0.0,3,97,24.4,0.0,3,96,12.4,13.0,63,96,12.6,2.6,53,87.6,16.22,3.12
98,11.9,0.0,3,2026-02-18,99,12.6,0.0,3,34,13.4,0.0,3,84,16.2,18.7,63,95,27.6,5.5,61,82.0,16.339999999999996,4.84
100,21.4,18.5,75,2026-02-19,100,19.3,14.3,75,83,20.7,3.0,75,79,30.1,2.8,61,70,30.9,3.1,73,86.4,24.48,8.34
100,17.3,2.0,73,2026-02-20,100,18.8,3.0,73,81,28.6,4.1,73,73,25.1,0.1,51,96,20.1,0.0,3,90.0,21.98,1.8399999999999999
71,18.8,0.7,71,2026-02-21,81,18.5,0.8,73,60,27.7,0.0,3,92,23.5,0.0,3,99,30.0,0.0,3,80.6,23.7,0.3
99,24.3,1.3,73,2026-02-22,99,27.4,2.2,73,68,11.8,0.0,3,90,26.9,2.1,53,92,23.3,0.0,3,89.6,22.740000000000002,1.1199999999999999
78,19.0,0.1,71,2026-02-23,78,22.9,0.2,71,86,13.7,0.0,3,96,17.1,2.5,53,68,13.1,0.0,3,81.2,17.159999999999997,0.5599999999999999
100,13.1,7.1,73,2026-02-24,100,15.7,3.9,73,100,13.1,0.2,71,97,19.3,0.9,51,100,24.4,4.4,53,99.4,17.119999999999997,3.3
100,10.8,2.6,73,2026-02-25,100,14.3,1.1,71,100,12.9,0.4,71,88,24.5,2.2,51,100,23.9,16.6,75,97.6,17.28,4.58
100,9.0,0.0,3,2026-02-26,99,10.0,0.0,3,83,9.9,0.0,3,100,20.3,1.7,51,99,16.8,3.1,73,96.2,13.2,0.96
100,16.5,0.4,71,2026-02-27,100,23.4,1.5,73,54,6.6,0.0,3,100,25.8,0.0,3,63,21.1,1.5,71,83.4,18.68,0.6799999999999999
100,16.3,2.2,71,2026-02-28,100,17.6,5.0,53,94,17.2,0.0,3,57,23.9,0.0,3,63,23.9,0.0,3,82.8,19.78,1.44
100,9.4,0.1,51,2026-03-01,100,11.4,0.7,53,96,16.4,0.2,71,48,12.1,0.1,51,11,16.1,0.0,3,71.0,13.080000000000002,0.22000000000000003
100,14.8,7.1,73,2026-03-02,100,15.1,1.3,51,100,15.7,0.0,3,28,14.5,0.0,3,39,13.3,0.0,3,73.4,14.679999999999998,1.6800000000000002
96,14.0,1.7,73,2026-03-03,97,15.7,0.6,71,100,16.5,0.8,73,88,25.9,8.0,61,82,18.8,0.3,51,92.6,18.18,2.2800000000000002
100,13.5,3.6,73,2026-03-04,96,15.8,1.8,73,95,22.7,0.2,71,58,13.3,0.2,51,56,14.1,0.0,3,81.0,15.879999999999999,1.1600000000000001
85,10.0,0.4,71,2026-03-05,89,13.1,2.1,73,97,17.7,1.8,73,94,27.5,4.9,73,71,22.0,0.0,3,87.2,18.06,1.8399999999999999
69,8.5,0.0,3,2026-03-06,90,13.1,0.4,71,99,20.0,1.4,73,51,26.3,4.9,73,57,16.6,1.4,73,73.2,16.9,1.6199999999999999
45,21.1,0.0,3,2026-03-07,41,20.1,0.0,3,43,23.6,0.0,3,57,12.3,0.0,3,91,9.6,0.0,3,55.4,17.34,0.0
81,15.1,1.9,73,2026-03-08,86,16.5,1.4,73,73,25.0,2.5,73,29,11.1,0.0,3,45,11.6,0.0,3,62.8,15.86,1.16
97,12.4,0.7,71,2026-03-09,94,15.3,0.1,71,19,17.7,0.0,3,42,12.1,0.0,3,13,9.5,0.0,3,53.0,13.4,0.15999999999999998
51,14.1,0.0,3,2026-03-10,49,16.6,0.0,3,91,18.1,2.7,73,1,10.7,0.0,0,0,9.0,0.0,0,38.4,13.7,0.54
31,13.6,0.0,3,2026-03-11,36,16.6,0.0,3,0,9.1,0.0,0,0,15.9,0.0,0,0,13.7,0.0,0,13.4,13.780000000000001,0.0
22,11.5,0.0,3,2026-03-12,24,15.1,0.0,3,48,13.1,0.0,3,0,17.5,0.0,0,0,13.5,0.0,0,18.8,14.14,0.0
53,10.7,0.0,3,2026-03-13,72,15.3,0.0,3,41,7.9,19.1,75,5,19.8,0.0,1,0,21.3,0.0,0,34.2,15.0,3.8200000000000003
9,11.9,0.0,3,2026-03-14,5,17.5,0.0,2,57,7.1,0.0,3,13,21.8,0.0,3,0,20.7,0.0,0,16.8,15.8,0.0
3,10.1,0.0,1,2026-03-15,7,16.5,0.0,2,41,7.1,0.0,3,50,24.3,0.0,3,44,26.0,0.0,3,29.0,16.8,0.0
9,8.2,0.0,3,2026-03-16,0,14.1,0.0,0,89,14.1,0.0,3,85,16.0,0.2,51,64,16.3,0.0,3,49.4,13.74,0.04
37,8.6,0.0,3,2026-03-17,1,12.2,0.0,0,100,13.1,0.0,3,36,11.5,0.0,3,35,10.2,0.0,3,41.8,11.12,0.0
60,8.2,0.0,3,2026-03-18,1,6.4,0.0,0,90,10.0,0.0,3,30,13.1,0.0,3,50,20.0,0.0,3,46.2,11.540000000000001,0.0
25,9.3,0.0,3,2026-03-19,1,10.7,0.0,1,92,7.5,0.0,3,59,17.3,0.0,3,80,21.5,0.0,3,51.4,13.26,0.0
56,9.9,0.0,3,2026-03-20,44,12.8,0.0,3,100,5.6,0.0,3,98,17.8,0.0,3,97,26.5,0.0,3,79.0,14.520000000000001,0.0
38,9.2,0.0,3,2026-03-21,35,9.6,0.0,3,28,13.0,0.0,3,92,15.1,0.0,3,100,26.8,0.0,3,58.6,14.74,0.0
11,8.3,0.0,3,2026-03-22,47,10.6,0.0,3,0,11.4,0.0,0,26,20.6,0.0,3,69,26.5,0.0,3,30.6,15.48,0.0
15,10.2,0.0,2,2026-03-23,9,13.0,0.0,1,2,7.3,0.0,1,86,19.3,2.8,53,77,24.0,11.5,63,37.8,14.76,2.8600000000000003
11,9.9,0.0,3,2026-03-24,63,13.5,0.0,3,53,7.7,0.0,3,81,12.0,3.0,53,100,17.4,0.9,51,61.6,12.099999999999998,0.78
19,10.2,0.0,2,2026-03-25,12,16.1,0.0,3,27,8.4,0.0,3,57,16.0,0.0,3,88,13.6,0.1,51,40.6,12.86,0.02
13,9.1,0.0,3,2026-03-26,7,15.7,0.0,2,99,12.7,0.5,51,90,12.2,0.8,51,57,9.4,0.4,51,53.2,11.82,0.34
73,5.3,0.0,3,2026-03-27,9,12.4,0.0,2,84,11.0,0.0,3,77,8.3,0.0,3,25,9.0,0.0,3,53.6,9.2,0.0
90,7.4,0.0,3,2026-03-28,3,11.5,0.0,0,61,11.9,0.0,3,67,9.4,0.0,3,29,11.8,0.0,3,50.0,10.4,0.0
12,10.1,0.0,3,2026-03-29,34,11.8,0.0,3,97,13.9,0.0,3,92,15.0,6.8,61,86,24.3,1.2,53,64.2,15.02,1.6
62,11.0,0.0,3,2026-03-30,86,13.1,0.0,3,33,11.9,0.1,51,77,12.3,0.3,51,100,10.8,11.6,63,71.6,11.819999999999999,2.4
32,9.6,0.0,3,2026-03-31,58,12.0,0.0,3,30,17.2,3.8,61,99,21.5,6.7,61,92,22.3,3.7,53,62.2,16.52,2.84
46,10.4,0.0,3,2026-04-01,75,14.9,0.2,51,87,11.6,5.2,61,63,20.5,4.0,61,69,22.8,0.1,51,68.0,16.04,1.9
99,11.3,0.8,51,2026-04-02,68,14.1,0.0,3,68,15.0,0.2,51,66,15.5,0.6,53,95,13.3,3.5,61,79.2,13.84,1.02
74,10.2,1.2,53,2026-04-03,93,12.5,0.0,3,52,17.0,0.0,3,83,17.8,10.5,63,97,14.7,4.3,61,79.8,14.440000000000001,3.2
59,13.3,0.0,3,2026-04-04,68,17.8,1.0,53,84,10.7,0.0,3,97,19.8,0.6,51,100,19.7,11.6,61,81.6,16.259999999999998,2.6399999999999997
80,15.2,6.3,75,2026-04-05,79,17.4,1.5,71,66,20.6,1.8,53,70,13.8,1.1,51,16,15.5,0.6,51,62.2,16.5,2.26
66,14.9,2.2,55,2026-04-06,80,11.8,3.1,53,39,24.0,0.0,3,4,17.1,0.0,1,1,18.8,0.0,0,38.0,17.32,1.06
82,11.8,0.6,51,2026-04-07,66,16.0,1.2,51,75,22.8,0.1,51,67,25.9,16.8,73,68,22.5,11.2,75,71.6,19.8,5.9799999999999995
89,11.3,1.9,71,2026-04-08,100,20.9,5.8,71,100,17.4,8.3,61,63,19.3,3.4,55,75,20.4,11.9,75,85.4,17.860000000000003,6.26
100,20.9,4.8,73,2026-04-09,84,24.6,1.9,73,75,22.7,9.4,61,88,18.6,8.1,73,65,18.5,5.7,75,82.4,21.060000000000002,5.98
99,20.6,1.2,71,2026-04-10,83,25.8,0.0,3,39,18.7,0.2,51,67,15.1,3.5,61,80,10.8,9.0,75,73.6,18.2,2.7800000000000002
94,17.5,1.5,51,2026-04-11,80,19.3,0.3,51,73,10.9,4.2,63,43,13.8,0.3,51,42,11.4,3.0,73,66.4,14.580000000000002,1.86
67,8.9,0.2,51,2026-04-12,61,11.3,0.1,51,98,20.2,0.0,3,58,15.4,2.4,61,40,15.8,4.4,71,64.8,14.320000000000002,1.4200000000000002
61,12.6,0.0,3,2026-04-13,75,12.8,0.0,3,88,21.8,6.7,61,78,11.2,4.8,63,54,14.8,3.7,61,71.2,14.64,3.04
