date,launched,destroyed,attack_records,interception_rate,year,month,year_month
2022-09-29,7.0,5.0,1,0.7142857142857143,2022,9,2022-09
2022-10-02,7.0,5.0,1,0.7142857142857143,2022,10,2022-10
2022-10-05,1.0,1.0,1,1.0,2022,10,2022-10
2022-10-06,5.0,5.0,2,1.0,2022,10,2022-10
2022-10-07,3.0,3.0,1,1.0,2022,10,2022-10
2022-10-08,1.0,1.0,1,1.0,2022,10,2022-10
2022-10-10,13.0,10.0,1,0.7692307692307693,2022,10,2022-10
2022-10-11,34.0,34.0,3,1.0,2022,10,2022-10
2022-10-15,6.0,6.0,1,1.0,2022,10,2022-10
2022-10-16,11.0,11.0,1,1.0,2022,10,2022-10
2022-10-17,23.0,23.0,2,1.0,2022,10,2022-10
2022-10-19,10.0,10.0,1,1.0,2022,10,2022-10
2022-10-20,14.0,14.0,1,1.0,2022,10,2022-10
2022-10-22,10.0,10.0,1,1.0,2022,10,2022-10
2022-10-23,16.0,16.0,1,1.0,2022,10,2022-10
2022-10-25,3.0,3.0,2,1.0,2022,10,2022-10
2022-10-26,20.0,19.0,1,0.95,2022,10,2022-10
2022-11-01,19.0,18.0,3,0.9473684210526315,2022,11,2022-11
2022-11-03,9.0,9.0,1,1.0,2022,11,2022-11
2022-12-30,16.0,16.0,1,1.0,2022,12,2022-12
2023-01-26,24.0,24.0,1,1.0,2023,1,2023-01
2023-02-09,7.0,5.0,1,0.7142857142857143,2023,2,2023-02
2023-02-10,20.0,20.0,1,1.0,2023,2,2023-02
2023-02-11,4.0,4.0,1,1.0,2023,2,2023-02
2023-02-27,14.0,11.0,1,0.7857142857142857,2023,2,2023-02
2023-03-01,4.0,4.0,1,1.0,2023,3,2023-03
2023-03-08,2.0,2.0,1,1.0,2023,3,2023-03
2023-03-17,16.0,11.0,1,0.6875,2023,3,2023-03
2023-03-21,21.0,16.0,1,0.7619047619047619,2023,3,2023-03
2023-03-27,13.0,12.0,1,0.9230769230769231,2023,3,2023-03
2023-03-30,10.0,9.0,1,0.9,2023,3,2023-03
2023-04-04,17.0,14.0,1,0.8235294117647058,2023,4,2023-04
2023-04-19,11.0,10.0,1,0.9090909090909091,2023,4,2023-04
2023-04-21,5.0,4.0,1,0.8,2023,4,2023-04
2023-04-29,2.0,2.0,1,1.0,2023,4,2023-04
2023-05-02,26.0,21.0,1,0.8076923076923077,2023,5,2023-05
2023-05-09,3.0,3.0,1,1.0,2023,5,2023-05
2023-05-13,21.0,17.0,1,0.8095238095238095,2023,5,2023-05
2023-05-14,22.0,22.0,2,1.0,2023,5,2023-05
2023-05-16,6.0,6.0,1,1.0,2023,5,2023-05
2023-05-17,2.0,2.0,1,1.0,2023,5,2023-05
2023-05-20,4.0,4.0,1,1.0,2023,5,2023-05
2023-05-22,20.0,20.0,1,1.0,2023,5,2023-05
2023-05-25,31.0,23.0,1,0.7419354838709677,2023,5,2023-05
2023-05-29,66.0,58.0,2,0.8787878787878788,2023,5,2023-05
2023-06-01,21.0,21.0,1,1.0,2023,6,2023-06
2023-06-04,5.0,3.0,1,0.6,2023,6,2023-06
2023-06-09,35.0,20.0,1,0.5714285714285714,2023,6,2023-06
2023-06-15,20.0,20.0,1,1.0,2023,6,2023-06
2023-07-13,17.0,16.0,1,0.9411764705882353,2023,7,2023-07
2023-08-05,27.0,27.0,1,1.0,2023,8,2023-08
2023-08-10,10.0,7.0,1,0.7,2023,8,2023-08
2023-08-12,5.0,3.0,1,0.6,2023,8,2023-08
2023-08-14,15.0,15.0,1,1.0,2023,8,2023-08
2023-08-15,13.0,13.0,1,1.0,2023,8,2023-08
2023-08-16,3.0,3.0,1,1.0,2023,8,2023-08
2023-08-19,17.0,15.0,1,0.8823529411764706,2023,8,2023-08
2023-08-26,2.0,2.0,1,1.0,2023,8,2023-08
2023-08-27,2.0,2.0,1,1.0,2023,8,2023-08
2023-09-13,22.0,17.0,1,0.7727272727272727,2023,9,2023-09
2023-10-18,9.0,3.0,1,0.3333333333333333,2023,10,2023-10
2023-11-05,22.0,15.0,1,0.6818181818181818,2023,11,2023-11
2023-11-06,1.0,1.0,1,1.0,2023,11,2023-11
2023-11-10,31.0,19.0,1,0.6129032258064516,2023,11,2023-11
2023-11-17,38.0,29.0,1,0.7631578947368421,2023,11,2023-11
2023-11-21,14.0,14.0,1,1.0,2023,11,2023-11
2023-12-13,42.0,41.0,1,0.9761904761904762,2023,12,2023-12
2023-12-20,35.0,34.0,1,0.9714285714285714,2023,12,2023-12
2023-12-22,9.0,9.0,1,1.0,2023,12,2023-12
2023-12-26,46.0,32.0,1,0.6956521739130435,2023,12,2023-12
2023-12-28,36.0,27.0,1,0.75,2023,12,2023-12
2024-01-01,45.0,44.0,2,0.9777777777777777,2024,1,2024-01
2024-03-22,63.0,55.0,1,0.873015873015873,2024,3,2024-03
2024-05-18,1.0,1.0,1,1.0,2024,5,2024-05
2024-08-26,109.0,99.0,1,0.908256880733945,2024,8,2024-08
2024-09-03,29.0,22.0,1,0.7586206896551724,2024,9,2024-09
2024-09-15,56.0,53.0,1,0.9464285714285714,2024,9,2024-09
2024-09-16,51.0,34.0,1,0.6666666666666666,2024,9,2024-09
2024-09-23,81.0,66.0,1,0.8148148148148148,2024,9,2024-09
2024-09-27,73.0,69.0,1,0.9452054794520548,2024,9,2024-09
2024-09-28,3.0,1.0,1,0.3333333333333333,2024,9,2024-09
2024-09-29,73.0,67.0,1,0.9178082191780822,2024,9,2024-09
2024-10-02,105.0,78.0,1,0.7428571428571429,2024,10,2024-10
2024-10-05,87.0,56.0,1,0.6436781609195402,2024,10,2024-10
2024-10-06,74.0,32.0,1,0.43243243243243246,2024,10,2024-10
2024-10-07,19.0,18.0,1,0.9473684210526315,2024,10,2024-10
2024-10-09,62.0,41.0,1,0.6612903225806451,2024,10,2024-10
2024-10-15,136.0,68.0,1,0.5,2024,10,2024-10
2024-10-16,56.0,22.0,1,0.39285714285714285,2024,10,2024-10
2024-10-17,135.0,80.0,1,0.5925925925925926,2024,10,2024-10
2024-10-18,98.0,42.0,1,0.42857142857142855,2024,10,2024-10
2024-10-19,49.0,31.0,1,0.6326530612244898,2024,10,2024-10
2024-10-20,116.0,59.0,1,0.5086206896551724,2024,10,2024-10
2024-10-21,60.0,42.0,1,0.7,2024,10,2024-10
2024-10-22,81.0,57.0,1,0.7037037037037037,2024,10,2024-10
2024-10-23,50.0,40.0,1,0.8,2024,10,2024-10
2024-10-24,63.0,36.0,1,0.5714285714285714,2024,10,2024-10
2024-10-25,91.0,44.0,1,0.4835164835164835,2024,10,2024-10
2024-10-26,80.0,41.0,1,0.5125,2024,10,2024-10
2024-10-27,100.0,66.0,1,0.66,2024,10,2024-10
2024-10-28,48.0,26.0,1,0.5416666666666666,2024,10,2024-10
2024-10-29,62.0,33.0,1,0.532258064516129,2024,10,2024-10
2024-10-30,43.0,17.0,1,0.3953488372093023,2024,10,2024-10
2024-10-31,48.0,31.0,1,0.6458333333333334,2024,10,2024-10
2024-11-01,71.0,39.0,1,0.5492957746478874,2024,11,2024-11
2024-11-02,96.0,66.0,1,0.6875,2024,11,2024-11
2024-11-03,80.0,50.0,1,0.625,2024,11,2024-11
2024-11-04,79.0,48.0,1,0.6075949367088608,2024,11,2024-11
2024-11-05,63.0,38.0,1,0.6031746031746031,2024,11,2024-11
2024-11-06,106.0,74.0,1,0.6981132075471698,2024,11,2024-11
2024-11-07,92.0,62.0,1,0.6739130434782609,2024,11,2024-11
2024-11-08,51.0,32.0,1,0.6274509803921569,2024,11,2024-11
2024-11-09,145.0,62.0,1,0.42758620689655175,2024,11,2024-11
2024-11-10,74.0,39.0,1,0.527027027027027,2024,11,2024-11
2024-11-11,110.0,46.0,1,0.41818181818181815,2024,11,2024-11
2024-11-12,90.0,37.0,1,0.4111111111111111,2024,11,2024-11
2024-11-13,59.0,21.0,1,0.3559322033898305,2024,11,2024-11
2024-11-14,29.0,25.0,1,0.8620689655172413,2024,11,2024-11
2024-11-15,83.0,53.0,1,0.6385542168674698,2024,11,2024-11
2024-11-16,90.0,42.0,1,0.4666666666666667,2024,11,2024-11
2024-11-17,11.0,8.0,1,0.7272727272727273,2024,11,2024-11
2024-11-18,87.0,51.0,1,0.5862068965517241,2024,11,2024-11
2024-11-19,122.0,56.0,1,0.45901639344262296,2024,11,2024-11
2024-11-22,114.0,64.0,1,0.5614035087719298,2024,11,2024-11
2024-11-24,218.0,121.0,2,0.555045871559633,2024,11,2024-11
2024-11-25,188.0,76.0,1,0.40425531914893614,2024,11,2024-11
2024-11-26,89.0,36.0,1,0.4044943820224719,2024,11,2024-11
2024-11-27,97.0,35.0,1,0.36082474226804123,2024,11,2024-11
2024-11-28,132.0,88.0,1,0.6666666666666666,2024,11,2024-11
2024-11-29,10.0,8.0,1,0.8,2024,11,2024-11
2024-11-30,78.0,32.0,1,0.41025641025641024,2024,11,2024-11
2024-12-01,110.0,52.0,1,0.4727272727272727,2024,12,2024-12
2024-12-02,28.0,22.0,1,0.7857142857142857,2024,12,2024-12
2024-12-03,50.0,29.0,1,0.58,2024,12,2024-12
2024-12-04,44.0,30.0,1,0.6818181818181818,2024,12,2024-12
2024-12-05,53.0,32.0,1,0.6037735849056604,2024,12,2024-12
2024-12-06,14.0,7.0,1,0.5,2024,12,2024-12
2024-12-07,74.0,28.0,1,0.3783783783783784,2024,12,2024-12
2024-12-08,37.0,18.0,1,0.4864864864864865,2024,12,2024-12
2024-12-12,193.0,80.0,1,0.41450777202072536,2024,12,2024-12
2024-12-13,132.0,58.0,1,0.4393939393939394,2024,12,2024-12
2024-12-14,108.0,56.0,1,0.5185185185185185,2024,12,2024-12
2024-12-16,80.0,47.0,2,0.5875,2024,12,2024-12
2024-12-17,81.0,51.0,1,0.6296296296296297,2024,12,2024-12
2024-12-18,85.0,45.0,1,0.5294117647058824,2024,12,2024-12
2024-12-19,65.0,40.0,1,0.6153846153846154,2024,12,2024-12
2024-12-20,113.0,57.0,1,0.504424778761062,2024,12,2024-12
2024-12-21,103.0,52.0,1,0.5048543689320388,2024,12,2024-12
2024-12-22,72.0,47.0,1,0.6527777777777778,2024,12,2024-12
2024-12-23,60.0,36.0,1,0.6,2024,12,2024-12
2024-12-24,106.0,54.0,1,0.5094339622641509,2024,12,2024-12
2024-12-25,31.0,20.0,1,0.6451612903225806,2024,12,2024-12
2024-12-26,24.0,13.0,1,0.5416666666666666,2024,12,2024-12
2024-12-27,16.0,15.0,1,0.9375,2024,12,2024-12
2024-12-28,10.0,9.0,1,0.9,2024,12,2024-12
2024-12-30,40.0,16.0,1,0.4,2024,12,2024-12
2024-12-31,111.0,63.0,1,0.5675675675675675,2024,12,2024-12
2025-01-01,72.0,47.0,1,0.6527777777777778,2025,1,2025-01
2025-01-02,93.0,60.0,1,0.6451612903225806,2025,1,2025-01
2025-01-03,113.0,47.0,2,0.415929203539823,2025,1,2025-01
2025-01-04,133.0,75.0,2,0.5639097744360902,2025,1,2025-01
2025-01-05,128.0,79.0,1,0.6171875,2025,1,2025-01
2025-01-06,38.0,28.0,1,0.7368421052631579,2025,1,2025-01
2025-01-07,64.0,41.0,1,0.640625,2025,1,2025-01
2025-01-08,70.0,46.0,1,0.6571428571428571,2025,1,2025-01
2025-01-09,72.0,33.0,1,0.4583333333333333,2025,1,2025-01
2025-01-10,74.0,47.0,1,0.6351351351351351,2025,1,2025-01
2025-01-11,94.0,60.0,1,0.6382978723404256,2025,1,2025-01
2025-01-12,110.0,78.0,1,0.7090909090909091,2025,1,2025-01
2025-01-13,80.0,58.0,1,0.725,2025,1,2025-01
2025-01-14,74.0,47.0,1,0.6351351351351351,2025,1,2025-01
2025-01-15,55.0,34.0,1,0.6181818181818182,2025,1,2025-01
2025-01-16,50.0,33.0,1,0.66,2025,1,2025-01
2025-01-17,39.0,24.0,1,0.6153846153846154,2025,1,2025-01
2025-01-18,61.0,43.0,1,0.7049180327868853,2025,1,2025-01
2025-01-19,141.0,93.0,1,0.6595744680851063,2025,1,2025-01
2025-01-20,131.0,72.0,1,0.549618320610687,2025,1,2025-01
2025-01-21,99.0,65.0,1,0.6565656565656566,2025,1,2025-01
2025-01-22,92.0,57.0,1,0.6195652173913043,2025,1,2025-01
2025-01-23,58.0,25.0,1,0.43103448275862066,2025,1,2025-01
2025-01-24,61.0,46.0,1,0.7540983606557377,2025,1,2025-01
2025-01-25,72.0,50.0,1,0.6944444444444444,2025,1,2025-01
2025-01-26,104.0,57.0,1,0.5480769230769231,2025,1,2025-01
2025-01-27,100.0,65.0,1,0.65,2025,1,2025-01
2025-01-28,57.0,29.0,1,0.5087719298245614,2025,1,2025-01
2025-01-29,81.0,37.0,1,0.4567901234567901,2025,1,2025-01
2025-01-30,102.0,59.0,1,0.5784313725490197,2025,1,2025-01
2025-01-31,123.0,56.0,1,0.45528455284552843,2025,1,2025-01
2025-02-01,55.0,40.0,1,0.7272727272727273,2025,2,2025-02
2025-02-02,71.0,38.0,1,0.5352112676056338,2025,2,2025-02
2025-02-03,65.0,37.0,1,0.5692307692307692,2025,2,2025-02
2025-02-04,104.0,57.0,1,0.5480769230769231,2025,2,2025-02
2025-02-05,77.0,56.0,1,0.7272727272727273,2025,2,2025-02
2025-02-06,112.0,81.0,1,0.7232142857142857,2025,2,2025-02
2025-02-07,139.0,67.0,1,0.48201438848920863,2025,2,2025-02
2025-02-08,151.0,70.0,1,0.46357615894039733,2025,2,2025-02
2025-02-09,83.0,61.0,1,0.7349397590361446,2025,2,2025-02
2025-02-11,123.0,71.0,1,0.5772357723577236,2025,2,2025-02
2025-02-12,140.0,85.0,1,0.6071428571428571,2025,2,2025-02
2025-02-13,133.0,73.0,1,0.5488721804511278,2025,2,2025-02
2025-02-14,70.0,33.0,1,0.4714285714285714,2025,2,2025-02
2025-02-15,143.0,95.0,1,0.6643356643356644,2025,2,2025-02
2025-02-16,147.0,83.0,1,0.564625850340136,2025,2,2025-02
2025-02-17,176.0,103.0,1,0.5852272727272727,2025,2,2025-02
2025-02-18,167.0,106.0,1,0.6347305389221557,2025,2,2025-02
2025-02-20,160.0,87.0,1,0.54375,2025,2,2025-02
2025-02-21,162.0,82.0,1,0.5061728395061729,2025,2,2025-02
2025-02-22,267.0,138.0,1,0.5168539325842697,2025,2,2025-02
2025-02-23,185.0,113.0,1,0.6108108108108108,2025,2,2025-02
2025-02-24,213.0,133.0,1,0.6244131455399061,2025,2,2025-02
2025-02-25,177.0,110.0,1,0.6214689265536724,2025,2,2025-02
2025-02-26,166.0,90.0,1,0.5421686746987951,2025,2,2025-02
2025-02-27,208.0,107.0,1,0.5144230769230769,2025,2,2025-02
2025-02-28,154.0,103.0,1,0.6688311688311688,2025,2,2025-02
2025-03-01,79.0,63.0,1,0.7974683544303798,2025,3,2025-03
2025-03-02,83.0,46.0,1,0.5542168674698795,2025,3,2025-03
2025-03-03,99.0,65.0,1,0.6565656565656566,2025,3,2025-03
2025-03-04,181.0,115.0,1,0.6353591160220995,2025,3,2025-03
2025-03-05,112.0,68.0,1,0.6071428571428571,2025,3,2025-03
2025-03-07,145.0,79.0,1,0.5448275862068965,2025,3,2025-03
2025-03-08,119.0,73.0,1,0.6134453781512605,2025,3,2025-03
2025-03-09,176.0,130.0,1,0.7386363636363636,2025,3,2025-03
2025-03-10,126.0,79.0,1,0.626984126984127,2025,3,2025-03
2025-03-11,133.0,98.0,1,0.7368421052631579,2025,3,2025-03
2025-03-12,117.0,74.0,1,0.6324786324786325,2025,3,2025-03
2025-03-13,27.0,16.0,1,0.5925925925925926,2025,3,2025-03
2025-03-14,178.0,130.0,1,0.7303370786516854,2025,3,2025-03
2025-03-15,90.0,47.0,1,0.5222222222222223,2025,3,2025-03
2025-03-16,174.0,90.0,1,0.5172413793103449,2025,3,2025-03
2025-03-17,137.0,63.0,1,0.45985401459854014,2025,3,2025-03
2025-03-18,145.0,72.0,1,0.496551724137931,2025,3,2025-03
2025-03-19,171.0,75.0,1,0.43859649122807015,2025,3,2025-03
2025-03-20,214.0,114.0,1,0.5327102803738317,2025,3,2025-03
2025-03-21,179.0,100.0,1,0.5586592178770949,2025,3,2025-03
2025-03-22,147.0,97.0,1,0.6598639455782312,2025,3,2025-03
2025-03-23,99.0,57.0,1,0.5757575757575758,2025,3,2025-03
2025-03-24,139.0,78.0,1,0.5611510791366906,2025,3,2025-03
2025-03-25,117.0,56.0,1,0.47863247863247865,2025,3,2025-03
2025-03-26,86.0,42.0,1,0.4883720930232558,2025,3,2025-03
2025-03-27,163.0,89.0,1,0.5460122699386503,2025,3,2025-03
2025-03-28,172.0,94.0,1,0.5465116279069767,2025,3,2025-03
2025-03-29,111.0,65.0,1,0.5855855855855856,2025,3,2025-03
2025-03-30,131.0,57.0,1,0.4351145038167939,2025,3,2025-03
2025-04-01,74.0,41.0,1,0.5540540540540541,2025,4,2025-04
2025-04-02,39.0,28.0,1,0.717948717948718,2025,4,2025-04
2025-04-03,78.0,42.0,1,0.5384615384615384,2025,4,2025-04
2025-04-04,92.0,51.0,1,0.5543478260869565,2025,4,2025-04
2025-04-05,109.0,40.0,1,0.3669724770642202,2025,4,2025-04
2025-04-07,46.0,9.0,1,0.1956521739130435,2025,4,2025-04
2025-04-08,55.0,32.0,1,0.5818181818181818,2025,4,2025-04
2025-04-09,145.0,85.0,1,0.5862068965517241,2025,4,2025-04
2025-04-10,39.0,24.0,1,0.6153846153846154,2025,4,2025-04
2025-04-11,88.0,56.0,1,0.6363636363636364,2025,4,2025-04
2025-04-12,55.0,43.0,1,0.7818181818181819,2025,4,2025-04
2025-04-13,62.0,40.0,1,0.6451612903225806,2025,4,2025-04
2025-04-14,52.0,26.0,1,0.5,2025,4,2025-04
2025-04-15,97.0,57.0,1,0.5876288659793815,2025,4,2025-04
2025-04-16,75.0,25.0,1,0.3333333333333333,2025,4,2025-04
2025-04-17,37.0,23.0,1,0.6216216216216216,2025,4,2025-04
2025-04-18,87.0,33.0,1,0.3793103448275862,2025,4,2025-04
2025-04-21,150.0,80.0,2,0.5333333333333333,2025,4,2025-04
2025-04-22,211.0,105.0,2,0.4976303317535545,2025,4,2025-04
2025-04-23,145.0,64.0,1,0.4413793103448276,2025,4,2025-04
2025-04-24,103.0,41.0,1,0.39805825242718446,2025,4,2025-04
2025-04-25,114.0,66.0,1,0.5789473684210527,2025,4,2025-04
2025-04-26,149.0,57.0,1,0.3825503355704698,2025,4,2025-04
2025-04-27,166.0,40.0,1,0.24096385542168675,2025,4,2025-04
2025-04-28,100.0,37.0,1,0.37,2025,4,2025-04
2025-04-29,108.0,50.0,1,0.46296296296296297,2025,4,2025-04
2025-04-30,170.0,74.0,1,0.43529411764705883,2025,4,2025-04
2025-05-01,150.0,64.0,1,0.4266666666666667,2025,5,2025-05
2025-05-02,183.0,77.0,1,0.4207650273224044,2025,5,2025-05
2025-05-03,165.0,69.0,1,0.41818181818181815,2025,5,2025-05
2025-05-04,116.0,42.0,1,0.3620689655172414,2025,5,2025-05
2025-05-05,136.0,54.0,1,0.39705882352941174,2025,5,2025-05
2025-05-06,187.0,81.0,1,0.43315508021390375,2025,5,2025-05
2025-05-07,31.0,20.0,1,0.6451612903225806,2025,5,2025-05
2025-05-11,216.0,115.0,2,0.5324074074074074,2025,5,2025-05
2025-05-12,10.0,10.0,1,1.0,2025,5,2025-05
2025-05-13,145.0,80.0,1,0.5517241379310345,2025,5,2025-05
2025-05-15,110.0,62.0,1,0.5636363636363636,2025,5,2025-05
2025-05-16,174.0,109.0,2,0.6264367816091954,2025,5,2025-05
2025-05-17,273.0,88.0,1,0.32234432234432236,2025,5,2025-05
2025-05-18,112.0,41.0,1,0.36607142857142855,2025,5,2025-05
2025-05-19,108.0,35.0,1,0.32407407407407407,2025,5,2025-05
2025-05-21,76.0,22.0,1,0.2894736842105263,2025,5,2025-05
2025-05-22,303.0,165.0,2,0.5445544554455446,2025,5,2025-05
2025-05-23,250.0,128.0,1,0.512,2025,5,2025-05
2025-05-24,298.0,139.0,1,0.4664429530201342,2025,5,2025-05
2025-05-25,355.0,233.0,1,0.6563380281690141,2025,5,2025-05
2025-05-26,60.0,35.0,1,0.5833333333333334,2025,5,2025-05
2025-05-27,88.0,34.0,1,0.38636363636363635,2025,5,2025-05
2025-05-28,90.0,10.0,1,0.1111111111111111,2025,5,2025-05
2025-05-29,90.0,26.0,1,0.28888888888888886,2025,5,2025-05
2025-05-30,107.0,39.0,1,0.3644859813084112,2025,5,2025-05
2025-05-31,472.0,210.0,1,0.4449152542372881,2025,5,2025-05
2025-06-01,80.0,15.0,1,0.1875,2025,6,2025-06
2025-06-02,112.0,60.0,1,0.5357142857142857,2025,6,2025-06
2025-06-03,95.0,36.0,1,0.37894736842105264,2025,6,2025-06
2025-06-04,103.0,28.0,1,0.27184466019417475,2025,6,2025-06
2025-06-05,407.0,199.0,1,0.48894348894348894,2025,6,2025-06
2025-06-06,206.0,87.0,1,0.4223300970873786,2025,6,2025-06
2025-06-07,49.0,22.0,1,0.4489795918367347,2025,6,2025-06
2025-06-08,479.0,277.0,1,0.5782881002087683,2025,6,2025-06
2025-06-09,315.0,213.0,1,0.6761904761904762,2025,6,2025-06
2025-06-10,85.0,40.0,1,0.47058823529411764,2025,6,2025-06
2025-06-11,63.0,28.0,1,0.4444444444444444,2025,6,2025-06
2025-06-12,55.0,28.0,1,0.509090909090909,2025,6,2025-06
2025-06-13,58.0,23.0,1,0.39655172413793105,2025,6,2025-06
2025-06-14,183.0,111.0,1,0.6065573770491803,2025,6,2025-06
2025-06-15,138.0,84.0,1,0.6086956521739131,2025,6,2025-06
2025-06-16,440.0,239.0,1,0.5431818181818182,2025,6,2025-06
2025-06-17,58.0,12.0,1,0.20689655172413793,2025,6,2025-06
2025-06-18,104.0,40.0,1,0.38461538461538464,2025,6,2025-06
2025-06-19,86.0,34.0,1,0.3953488372093023,2025,6,2025-06
2025-06-20,272.0,140.0,1,0.5147058823529411,2025,6,2025-06
2025-06-21,47.0,18.0,1,0.3829787234042553,2025,6,2025-06
2025-06-22,352.0,146.0,1,0.4147727272727273,2025,6,2025-06
2025-06-23,97.0,63.0,1,0.6494845360824743,2025,6,2025-06
2025-06-24,71.0,32.0,1,0.4507042253521127,2025,6,2025-06
2025-06-25,41.0,8.0,1,0.1951219512195122,2025,6,2025-06
2025-06-26,363.0,211.0,1,0.581267217630854,2025,6,2025-06
2025-06-27,23.0,21.0,1,0.9130434782608695,2025,6,2025-06
2025-06-28,477.0,211.0,1,0.44234800838574423,2025,6,2025-06
2025-06-29,107.0,64.0,1,0.5981308411214953,2025,6,2025-06
2025-06-30,52.0,14.0,1,0.2692307692307692,2025,6,2025-06
2025-07-01,114.0,30.0,1,0.2631578947368421,2025,7,2025-07
2025-07-02,52.0,22.0,1,0.4230769230769231,2025,7,2025-07
2025-07-03,539.0,268.0,1,0.4972170686456401,2025,7,2025-07
2025-07-04,322.0,157.0,1,0.48757763975155277,2025,7,2025-07
2025-07-05,157.0,98.0,1,0.6242038216560509,2025,7,2025-07
2025-07-06,101.0,58.0,1,0.5742574257425742,2025,7,2025-07
2025-07-08,782.0,322.0,2,0.4117647058823529,2025,7,2025-07
2025-07-09,397.0,164.0,1,0.41309823677581864,2025,7,2025-07
2025-07-10,79.0,44.0,1,0.5569620253164557,2025,7,2025-07
2025-07-11,597.0,319.0,1,0.5343383584589615,2025,7,2025-07
2025-07-12,60.0,20.0,1,0.3333333333333333,2025,7,2025-07
2025-07-13,136.0,61.0,1,0.4485294117647059,2025,7,2025-07
2025-07-14,267.0,178.0,1,0.6666666666666666,2025,7,2025-07
2025-07-15,400.0,198.0,1,0.495,2025,7,2025-07
2025-07-16,64.0,36.0,1,0.5625,2025,7,2025-07
2025-07-17,35.0,11.0,1,0.3142857142857143,2025,7,2025-07
2025-07-18,344.0,185.0,1,0.5377906976744186,2025,7,2025-07
2025-07-19,57.0,18.0,1,0.3157894736842105,2025,7,2025-07
2025-07-20,426.0,200.0,1,0.4694835680751174,2025,7,2025-07
2025-07-21,42.0,26.0,1,0.6190476190476191,2025,7,2025-07
2025-07-22,71.0,27.0,1,0.38028169014084506,2025,7,2025-07
2025-07-23,103.0,90.0,1,0.8737864077669902,2025,7,2025-07
2025-07-24,61.0,54.0,1,0.8852459016393442,2025,7,2025-07
2025-07-25,208.0,183.0,1,0.8798076923076923,2025,7,2025-07
2025-07-26,83.0,78.0,1,0.9397590361445783,2025,7,2025-07
2025-07-27,324.0,309.0,1,0.9537037037037037,2025,7,2025-07
2025-07-28,37.0,32.0,1,0.8648648648648649,2025,7,2025-07
2025-07-29,78.0,51.0,1,0.6538461538461539,2025,7,2025-07
2025-07-30,309.0,288.0,1,0.9320388349514563,2025,7,2025-07
2025-07-31,72.0,44.0,1,0.6111111111111112,2025,7,2025-07
2025-08-01,53.0,45.0,1,0.8490566037735849,2025,8,2025-08
2025-08-02,76.0,60.0,1,0.7894736842105263,2025,8,2025-08
2025-08-03,162.0,161.0,1,0.9938271604938271,2025,8,2025-08
2025-08-04,46.0,29.0,1,0.6304347826086957,2025,8,2025-08
2025-08-05,45.0,36.0,1,0.8,2025,8,2025-08
2025-08-06,112.0,89.0,1,0.7946428571428571,2025,8,2025-08
2025-08-07,108.0,82.0,1,0.7592592592592593,2025,8,2025-08
2025-08-08,47.0,16.0,1,0.3404255319148936,2025,8,2025-08
2025-08-09,100.0,70.0,1,0.7,2025,8,2025-08
2025-08-10,71.0,59.0,1,0.8309859154929577,2025,8,2025-08
2025-08-11,48.0,36.0,1,0.75,2025,8,2025-08
2025-08-12,49.0,32.0,1,0.6530612244897959,2025,8,2025-08
2025-08-13,45.0,24.0,1,0.5333333333333333,2025,8,2025-08
2025-08-14,97.0,63.0,1,0.6494845360824743,2025,8,2025-08
2025-08-15,85.0,61.0,1,0.7176470588235294,2025,8,2025-08
2025-08-16,60.0,40.0,1,0.6666666666666666,2025,8,2025-08
2025-08-17,140.0,88.0,1,0.6285714285714286,2025,8,2025-08
2025-08-18,270.0,230.0,1,0.8518518518518519,2025,8,2025-08
2025-08-19,93.0,62.0,1,0.6666666666666666,2025,8,2025-08
2025-08-20,574.0,546.0,1,0.9512195121951219,2025,8,2025-08
2025-08-21,55.0,46.0,1,0.8363636363636363,2025,8,2025-08
2025-08-22,49.0,36.0,1,0.7346938775510204,2025,8,2025-08
2025-08-23,72.0,48.0,1,0.6666666666666666,2025,8,2025-08
2025-08-24,104.0,76.0,1,0.7307692307692307,2025,8,2025-08
2025-08-25,59.0,47.0,1,0.7966101694915254,2025,8,2025-08
2025-08-26,95.0,74.0,1,0.7789473684210526,2025,8,2025-08
2025-08-27,598.0,563.0,1,0.9414715719063546,2025,8,2025-08
2025-08-28,68.0,46.0,1,0.6764705882352942,2025,8,2025-08
2025-08-29,537.0,510.0,1,0.9497206703910615,2025,8,2025-08
2025-08-30,142.0,126.0,1,0.8873239436619719,2025,8,2025-08
2025-08-31,86.0,67.0,1,0.7790697674418605,2025,8,2025-08
2025-09-01,150.0,120.0,1,0.8,2025,9,2025-09
2025-09-02,555.0,478.0,2,0.8612612612612612,2025,9,2025-09
2025-09-03,112.0,84.0,1,0.75,2025,9,2025-09
2025-09-04,157.0,121.0,1,0.7707006369426752,2025,9,2025-09
2025-09-05,91.0,68.0,1,0.7472527472527473,2025,9,2025-09
2025-09-06,810.0,747.0,1,0.9222222222222223,2025,9,2025-09
2025-09-07,142.0,112.0,1,0.7887323943661971,2025,9,2025-09
2025-09-08,84.0,60.0,1,0.7142857142857143,2025,9,2025-09
2025-09-09,415.0,386.0,1,0.9301204819277108,2025,9,2025-09
2025-09-10,66.0,62.0,1,0.9393939393939394,2025,9,2025-09
2025-09-11,40.0,33.0,1,0.825,2025,9,2025-09
2025-09-12,164.0,137.0,1,0.8353658536585366,2025,9,2025-09
2025-09-13,58.0,52.0,1,0.896551724137931,2025,9,2025-09
2025-09-14,84.0,59.0,1,0.7023809523809523,2025,9,2025-09
2025-09-15,113.0,89.0,1,0.7876106194690266,2025,9,2025-09
2025-09-16,172.0,136.0,1,0.7906976744186046,2025,9,2025-09
2025-09-17,75.0,48.0,1,0.64,2025,9,2025-09
2025-09-18,86.0,71.0,1,0.8255813953488372,2025,9,2025-09
2025-09-19,579.0,552.0,1,0.9533678756476683,2025,9,2025-09
2025-09-20,54.0,33.0,1,0.6111111111111112,2025,9,2025-09
2025-09-21,141.0,132.0,1,0.9361702127659575,2025,9,2025-09
2025-09-22,115.0,103.0,1,0.8956521739130435,2025,9,2025-09
2025-09-23,152.0,126.0,1,0.8289473684210527,2025,9,2025-09
2025-09-24,176.0,150.0,1,0.8522727272727273,2025,9,2025-09
2025-09-25,154.0,128.0,1,0.8311688311688312,2025,9,2025-09
2025-09-26,115.0,97.0,1,0.8434782608695652,2025,9,2025-09
2025-09-27,593.0,566.0,1,0.954468802698145,2025,9,2025-09
2025-09-28,32.0,23.0,1,0.71875,2025,9,2025-09
2025-09-29,65.0,46.0,1,0.7076923076923077,2025,9,2025-09
2025-09-30,49.0,44.0,1,0.8979591836734694,2025,9,2025-09
2025-10-01,86.0,53.0,1,0.6162790697674418,2025,10,2025-10
2025-10-02,381.0,303.0,1,0.7952755905511811,2025,10,2025-10
2025-10-03,109.0,73.0,1,0.6697247706422018,2025,10,2025-10
2025-10-04,496.0,439.0,1,0.8850806451612904,2025,10,2025-10
2025-10-05,116.0,83.0,1,0.7155172413793104,2025,10,2025-10
2025-10-06,152.0,88.0,1,0.5789473684210527,2025,10,2025-10
2025-10-07,183.0,154.0,1,0.8415300546448088,2025,10,2025-10
2025-10-08,112.0,87.0,1,0.7767857142857143,2025,10,2025-10
2025-10-09,465.0,405.0,1,0.8709677419354839,2025,10,2025-10
2025-10-10,78.0,54.0,1,0.6923076923076923,2025,10,2025-10
2025-10-11,118.0,103.0,1,0.8728813559322034,2025,10,2025-10
2025-10-12,82.0,69.0,1,0.8414634146341463,2025,10,2025-10
2025-10-13,96.0,69.0,1,0.71875,2025,10,2025-10
2025-10-14,113.0,86.0,1,0.7610619469026548,2025,10,2025-10
2025-10-15,320.0,283.0,1,0.884375,2025,10,2025-10
2025-10-16,70.0,35.0,1,0.5,2025,10,2025-10
2025-10-17,164.0,136.0,1,0.8292682926829268,2025,10,2025-10
2025-10-18,62.0,40.0,1,0.6451612903225806,2025,10,2025-10
2025-10-19,60.0,38.0,1,0.6333333333333333,2025,10,2025-10
2025-10-20,98.0,58.0,1,0.5918367346938775,2025,10,2025-10
2025-10-21,405.0,333.0,1,0.8222222222222222,2025,10,2025-10
2025-10-22,130.0,92.0,1,0.7076923076923077,2025,10,2025-10
2025-10-23,128.0,72.0,1,0.5625,2025,10,2025-10
2025-10-24,62.0,50.0,1,0.8064516129032258,2025,10,2025-10
2025-10-25,101.0,90.0,1,0.8910891089108911,2025,10,2025-10
2025-10-26,100.0,66.0,1,0.66,2025,10,2025-10
2025-10-27,38.0,26.0,1,0.6842105263157895,2025,10,2025-10
2025-10-28,126.0,93.0,1,0.7380952380952381,2025,10,2025-10
2025-10-29,653.0,592.0,1,0.9065849923430321,2025,10,2025-10
2025-10-30,145.0,107.0,1,0.7379310344827587,2025,10,2025-10
2025-10-31,223.0,206.0,1,0.9237668161434978,2025,10,2025-10
2025-11-01,79.0,67.0,1,0.8481012658227848,2025,11,2025-11
2025-11-02,138.0,115.0,1,0.8333333333333334,2025,11,2025-11
2025-11-03,130.0,92.0,1,0.7076923076923077,2025,11,2025-11
2025-11-04,80.0,61.0,1,0.7625,2025,11,2025-11
2025-11-05,135.0,108.0,1,0.8,2025,11,2025-11
2025-11-06,128.0,94.0,1,0.734375,2025,11,2025-11
2025-11-07,458.0,406.0,1,0.8864628820960698,2025,11,2025-11
2025-11-08,69.0,34.0,1,0.4927536231884058,2025,11,2025-11
2025-11-09,67.0,52.0,1,0.7761194029850746,2025,11,2025-11
2025-11-10,119.0,53.0,1,0.44537815126050423,2025,11,2025-11
2025-11-11,121.0,90.0,1,0.743801652892562,2025,11,2025-11
2025-11-12,138.0,102.0,1,0.7391304347826086,2025,11,2025-11
2025-11-13,430.0,405.0,1,0.9418604651162791,2025,11,2025-11
2025-11-14,135.0,91.0,1,0.674074074074074,2025,11,2025-11
2025-11-15,176.0,139.0,1,0.7897727272727273,2025,11,2025-11
2025-11-16,128.0,91.0,1,0.7109375,2025,11,2025-11
2025-11-17,114.0,101.0,1,0.8859649122807017,2025,11,2025-11
2025-11-18,476.0,442.0,1,0.9285714285714286,2025,11,2025-11
2025-11-19,136.0,106.0,1,0.7794117647058824,2025,11,2025-11
2025-11-20,115.0,95.0,1,0.8260869565217391,2025,11,2025-11
2025-11-21,104.0,89.0,1,0.8557692307692307,2025,11,2025-11
2025-11-22,98.0,69.0,1,0.7040816326530612,2025,11,2025-11
2025-11-23,162.0,125.0,1,0.7716049382716049,2025,11,2025-11
2025-11-24,464.0,438.0,1,0.9439655172413793,2025,11,2025-11
2025-11-25,90.0,72.0,1,0.8,2025,11,2025-11
2025-11-26,142.0,92.0,1,0.647887323943662,2025,11,2025-11
2025-11-27,72.0,63.0,1,0.875,2025,11,2025-11
2025-11-28,596.0,558.0,1,0.9362416107382551,2025,11,2025-11
2025-11-29,122.0,104.0,1,0.8524590163934426,2025,11,2025-11
2025-11-30,89.0,63.0,1,0.7078651685393258,2025,11,2025-11
2025-12-01,62.0,39.0,1,0.6290322580645161,2025,12,2025-12
2025-12-02,111.0,83.0,1,0.7477477477477478,2025,12,2025-12
2025-12-03,138.0,114.0,1,0.8260869565217391,2025,12,2025-12
2025-12-04,137.0,80.0,1,0.583941605839416,2025,12,2025-12
2025-12-05,653.0,585.0,1,0.8958652373660031,2025,12,2025-12
2025-12-06,241.0,175.0,1,0.7261410788381742,2025,12,2025-12
2025-12-07,149.0,131.0,1,0.8791946308724832,2025,12,2025-12
2025-12-08,110.0,84.0,1,0.7636363636363637,2025,12,2025-12
2025-12-09,80.0,50.0,1,0.625,2025,12,2025-12
2025-12-10,151.0,83.0,1,0.5496688741721855,2025,12,2025-12
2025-12-11,80.0,64.0,1,0.8,2025,12,2025-12
2025-12-12,465.0,417.0,1,0.896774193548387,2025,12,2025-12
2025-12-13,138.0,110.0,1,0.7971014492753623,2025,12,2025-12
2025-12-14,153.0,133.0,1,0.869281045751634,2025,12,2025-12
2025-12-15,69.0,57.0,1,0.8260869565217391,2025,12,2025-12
2025-12-16,69.0,37.0,1,0.5362318840579711,2025,12,2025-12
2025-12-17,82.0,63.0,1,0.7682926829268293,2025,12,2025-12
2025-12-18,160.0,108.0,1,0.675,2025,12,2025-12
2025-12-19,51.0,31.0,1,0.6078431372549019,2025,12,2025-12
2025-12-20,97.0,75.0,1,0.7731958762886598,2025,12,2025-12
2025-12-21,86.0,58.0,1,0.6744186046511628,2025,12,2025-12
2025-12-22,635.0,587.0,1,0.9244094488188976,2025,12,2025-12
2025-12-23,116.0,60.0,1,0.5172413793103449,2025,12,2025-12
2025-12-24,131.0,106.0,1,0.8091603053435115,2025,12,2025-12
2025-12-25,99.0,73.0,1,0.7373737373737373,2025,12,2025-12
2025-12-26,519.0,474.0,1,0.9132947976878613,2025,12,2025-12
2025-12-27,48.0,30.0,1,0.625,2025,12,2025-12
2025-12-28,25.0,21.0,1,0.84,2025,12,2025-12
2025-12-29,60.0,52.0,1,0.8666666666666667,2025,12,2025-12
2025-12-30,127.0,101.0,1,0.7952755905511811,2025,12,2025-12
2025-12-31,205.0,176.0,1,0.8585365853658536,2025,12,2025-12
2026-01-01,126.0,96.0,2,0.7619047619047619,2026,1,2026-01
2026-01-02,95.0,80.0,1,0.8421052631578947,2026,1,2026-01
2026-01-03,52.0,39.0,1,0.75,2026,1,2026-01
2026-01-04,165.0,137.0,1,0.8303030303030303,2026,1,2026-01
2026-01-05,61.0,53.0,1,0.8688524590163934,2026,1,2026-01
2026-01-06,95.0,81.0,1,0.8526315789473684,2026,1,2026-01
2026-01-07,97.0,70.0,1,0.7216494845360825,2026,1,2026-01
2026-01-08,242.0,226.0,1,0.9338842975206612,2026,1,2026-01
2026-01-09,121.0,94.0,1,0.7768595041322314,2026,1,2026-01
2026-01-10,154.0,125.0,1,0.8116883116883117,2026,1,2026-01
2026-01-11,167.0,146.0,2,0.874251497005988,2026,1,2026-01
2026-01-12,293.0,240.0,1,0.8191126279863481,2026,1,2026-01
2026-01-13,113.0,89.0,1,0.7876106194690266,2026,1,2026-01
2026-01-14,92.0,71.0,2,0.7717391304347826,2026,1,2026-01
2026-01-15,76.0,53.0,1,0.6973684210526315,2026,1,2026-01
2026-01-16,115.0,96.0,1,0.8347826086956521,2026,1,2026-01
2026-01-17,201.0,167.0,1,0.8308457711442786,2026,1,2026-01
2026-01-18,145.0,126.0,1,0.8689655172413793,2026,1,2026-01
2026-01-19,339.0,315.0,1,0.9292035398230089,2026,1,2026-01
2026-01-20,97.0,84.0,1,0.865979381443299,2026,1,2026-01
2026-01-21,94.0,80.0,1,0.851063829787234,2026,1,2026-01
2026-01-22,101.0,76.0,1,0.7524752475247525,2026,1,2026-01
2026-01-23,375.0,357.0,1,0.952,2026,1,2026-01
2026-01-24,102.0,87.0,1,0.8529411764705882,2026,1,2026-01
2026-01-25,138.0,110.0,1,0.7971014492753623,2026,1,2026-01
2026-01-26,165.0,135.0,1,0.8181818181818182,2026,1,2026-01
2026-01-27,149.0,106.0,2,0.7114093959731543,2026,1,2026-01
2026-01-28,111.0,90.0,2,0.8108108108108109,2026,1,2026-01
2026-01-29,111.0,80.0,1,0.7207207207207207,2026,1,2026-01
2026-01-30,85.0,64.0,1,0.7529411764705882,2026,1,2026-01
2026-01-31,90.0,76.0,1,0.8444444444444444,2026,1,2026-01
2026-02-01,171.0,157.0,1,0.9181286549707602,2026,2,2026-02
2026-02-02,450.0,412.0,1,0.9155555555555556,2026,2,2026-02
2026-02-03,105.0,88.0,1,0.8380952380952381,2026,2,2026-02
2026-02-04,183.0,156.0,1,0.8524590163934426,2026,2,2026-02
2026-02-05,328.0,297.0,1,0.9054878048780488,2026,2,2026-02
2026-02-06,408.0,382.0,1,0.9362745098039216,2026,2,2026-02
2026-02-07,101.0,69.0,1,0.6831683168316832,2026,2,2026-02
2026-02-08,149.0,116.0,1,0.7785234899328859,2026,2,2026-02
2026-02-09,125.0,110.0,1,0.88,2026,2,2026-02
2026-02-10,129.0,112.0,1,0.8682170542635659,2026,2,2026-02
2026-02-11,219.0,197.0,1,0.8995433789954338,2026,2,2026-02
2026-02-12,154.0,111.0,1,0.7207792207792207,2026,2,2026-02
2026-02-13,112.0,91.0,1,0.8125,2026,2,2026-02
2026-02-14,83.0,55.0,1,0.6626506024096386,2026,2,2026-02
2026-02-15,62.0,52.0,1,0.8387096774193549,2026,2,2026-02
2026-02-16,396.0,367.0,1,0.9267676767676768,2026,2,2026-02
2026-02-17,126.0,100.0,1,0.7936507936507936,2026,2,2026-02
2026-02-18,37.0,29.0,1,0.7837837837837838,2026,2,2026-02
2026-02-19,128.0,107.0,1,0.8359375,2026,2,2026-02
2026-02-20,120.0,106.0,1,0.8833333333333333,2026,2,2026-02
2026-02-21,297.0,274.0,1,0.9225589225589226,2026,2,2026-02
2026-02-22,126.0,105.0,1,0.8333333333333334,2026,2,2026-02
2026-02-23,133.0,111.0,1,0.8345864661654135,2026,2,2026-02
2026-02-24,115.0,95.0,1,0.8260869565217391,2026,2,2026-02
2026-02-25,420.0,374.0,1,0.8904761904761904,2026,2,2026-02
2026-02-26,187.0,165.0,1,0.8823529411764706,2026,2,2026-02
2026-02-27,105.0,96.0,1,0.9142857142857143,2026,2,2026-02
2026-02-28,123.0,110.0,1,0.8943089430894309,2026,2,2026-02
2026-03-01,94.0,84.0,1,0.8936170212765957,2026,3,2026-03
2026-03-02,136.0,127.0,1,0.9338235294117647,2026,3,2026-03
2026-03-03,149.0,129.0,1,0.8657718120805369,2026,3,2026-03
2026-03-04,155.0,136.0,1,0.8774193548387097,2026,3,2026-03
2026-03-05,141.0,111.0,1,0.7872340425531915,2026,3,2026-03
2026-03-06,480.0,453.0,1,0.94375,2026,3,2026-03
2026-03-07,117.0,98.0,1,0.8376068376068376,2026,3,2026-03
2026-03-08,197.0,161.0,1,0.817258883248731,2026,3,2026-03
2026-03-09,137.0,122.0,1,0.8905109489051095,2026,3,2026-03
2026-03-10,99.0,90.0,1,0.9090909090909091,2026,3,2026-03
2026-03-11,94.0,77.0,1,0.8191489361702128,2026,3,2026-03
2026-03-12,126.0,117.0,1,0.9285714285714286,2026,3,2026-03
2026-03-13,430.0,402.0,1,0.9348837209302325,2026,3,2026-03
2026-03-14,97.0,90.0,1,0.9278350515463918,2026,3,2026-03
2026-03-15,211.0,194.0,1,0.919431279620853,2026,3,2026-03
2026-03-16,178.0,154.0,1,0.8651685393258427,2026,3,2026-03
2026-03-17,147.0,128.0,1,0.8707482993197279,2026,3,2026-03
2026-03-18,133.0,109.0,1,0.8195488721804511,2026,3,2026-03
2026-03-19,156.0,133.0,1,0.8525641025641025,2026,3,2026-03
2026-03-20,154.0,148.0,1,0.961038961038961,2026,3,2026-03
2026-03-21,139.0,127.0,1,0.9136690647482014,2026,3,2026-03
2026-03-22,251.0,234.0,1,0.9322709163346613,2026,3,2026-03
2026-03-23,392.0,365.0,1,0.9311224489795918,2026,3,2026-03
2026-03-24,703.0,662.0,2,0.9416785206258891,2026,3,2026-03
2026-03-25,153.0,130.0,1,0.8496732026143791,2026,3,2026-03
2026-03-26,102.0,93.0,1,0.9117647058823529,2026,3,2026-03
2026-03-27,273.0,252.0,1,0.9230769230769231,2026,3,2026-03
2026-03-28,442.0,380.0,1,0.8597285067873304,2026,3,2026-03
2026-03-29,164.0,150.0,1,0.9146341463414634,2026,3,2026-03
2026-03-30,289.0,267.0,1,0.9238754325259516,2026,3,2026-03
2026-03-31,339.0,298.0,1,0.8790560471976401,2026,3,2026-03
2026-04-01,533.0,492.0,2,0.9230769230769231,2026,4,2026-04
2026-04-02,542.0,515.0,1,0.9501845018450185,2026,4,2026-04
2026-04-03,286.0,260.0,1,0.9090909090909091,2026,4,2026-04
2026-04-04,93.0,76.0,1,0.8172043010752689,2026,4,2026-04
